NM_VOTAVEL,QT_VOTOS,Local,DS_CARGO_PERGUNTA,SG_PARTIDO,NR_ZONA,NR_SECAO,Latitude,Longitude,NM_MUNICIPIO
BRANCO,11,ESCOLA ESTADUAL DOM FELICIANO,PRESIDENTE,#NULO#,012,0003,-30.70167,-52.10804,DOM FELICIANO
DILMA,164,ESCOLA ESTADUAL DOM FELICIANO,PRESIDENTE,PT,012,0003,-30.70167,-52.10804,DOM FELICIANO
ZÉ MARIA,1,ESCOLA ESTADUAL DOM FELICIANO,PRESIDENTE,PSTU,012,0003,-30.70167,-52.10804,DOM FELICIANO
LEVY FIDELIX,1,ESCOLA ESTADUAL DOM FELICIANO,PRESIDENTE,PRTB,012,0003,-30.70167,-52.10804,DOM FELICIANO
MARINA SILVA,24,ESCOLA ESTADUAL DOM FELICIANO,PRESIDENTE,PSB,012,0003,-30.70167,-52.10804,DOM FELICIANO
AÉCIO NEVES,118,ESCOLA ESTADUAL DOM FELICIANO,PRESIDENTE,PSDB,012,0003,-30.70167,-52.10804,DOM FELICIANO
NULO,11,ESCOLA ESTADUAL DOM FELICIANO,PRESIDENTE,#NULO#,012,0003,-30.70167,-52.10804,DOM FELICIANO
LUCIANA GENRO,2,ESCOLA ESTADUAL DOM FELICIANO,PRESIDENTE,PSOL,012,0003,-30.70167,-52.10804,DOM FELICIANO
NULO,18,ESCOLA ESTADUAL DOM FELICIANO,GOVERNADOR,#NULO#,012,0003,-30.70167,-52.10804,DOM FELICIANO
ANA AMELIA LEMOS,66,ESCOLA ESTADUAL DOM FELICIANO,GOVERNADOR,PP,012,0003,-30.70167,-52.10804,DOM FELICIANO
VIEIRA DA CUNHA,3,ESCOLA ESTADUAL DOM FELICIANO,GOVERNADOR,PDT,012,0003,-30.70167,-52.10804,DOM FELICIANO
TARSO GENRO,142,ESCOLA ESTADUAL DOM FELICIANO,GOVERNADOR,PT,012,0003,-30.70167,-52.10804,DOM FELICIANO
JOSÉ IVO SARTORI,86,ESCOLA ESTADUAL DOM FELICIANO,GOVERNADOR,PMDB,012,0003,-30.70167,-52.10804,DOM FELICIANO
BRANCO,17,ESCOLA ESTADUAL DOM FELICIANO,GOVERNADOR,#NULO#,012,0003,-30.70167,-52.10804,DOM FELICIANO
BRANCO,32,ESCOLA ESTADUAL DOM FELICIANO,SENADOR,#NULO#,012,0003,-30.70167,-52.10804,DOM FELICIANO
NULO,23,ESCOLA ESTADUAL DOM FELICIANO,SENADOR,#NULO#,012,0003,-30.70167,-52.10804,DOM FELICIANO
SIMON,39,ESCOLA ESTADUAL DOM FELICIANO,SENADOR,PMDB,012,0003,-30.70167,-52.10804,DOM FELICIANO
LASIER MARTINS,73,ESCOLA ESTADUAL DOM FELICIANO,SENADOR,PDT,012,0003,-30.70167,-52.10804,DOM FELICIANO
OLÍVIO DUTRA,138,ESCOLA ESTADUAL DOM FELICIANO,SENADOR,PT,012,0003,-30.70167,-52.10804,DOM FELICIANO
SIMONE LEITE,27,ESCOLA ESTADUAL DOM FELICIANO,SENADOR,PP,012,0003,-30.70167,-52.10804,DOM FELICIANO
PASTOR AIRTON LIMA,2,ESCOLA ESTADUAL DOM FELICIANO,DEPUTADO FEDERAL,PTB,012,0003,-30.70167,-52.10804,DOM FELICIANO
RONALDO NOGUEIRA,2,ESCOLA ESTADUAL DOM FELICIANO,DEPUTADO FEDERAL,PTB,012,0003,-30.70167,-52.10804,DOM FELICIANO
ALCEU MOREIRA,1,ESCOLA ESTADUAL DOM FELICIANO,DEPUTADO FEDERAL,PMDB,012,0003,-30.70167,-52.10804,DOM FELICIANO
GIOVANI FELTES,14,ESCOLA ESTADUAL DOM FELICIANO,DEPUTADO FEDERAL,PMDB,012,0003,-30.70167,-52.10804,DOM FELICIANO
MÁRCIO BIOLCHI,3,ESCOLA ESTADUAL DOM FELICIANO,DEPUTADO FEDERAL,PMDB,012,0003,-30.70167,-52.10804,DOM FELICIANO
CAJAR NARDES,2,ESCOLA ESTADUAL DOM FELICIANO,DEPUTADO FEDERAL,PR,012,0003,-30.70167,-52.10804,DOM FELICIANO
ONYX LORENZONI,2,ESCOLA ESTADUAL DOM FELICIANO,DEPUTADO FEDERAL,DEM,012,0003,-30.70167,-52.10804,DOM FELICIANO
TERESINHA VALDUGA,2,ESCOLA ESTADUAL DOM FELICIANO,DEPUTADO FEDERAL,PSB,012,0003,-30.70167,-52.10804,DOM FELICIANO
HEITOR SCHUCH,1,ESCOLA ESTADUAL DOM FELICIANO,DEPUTADO FEDERAL,PSB,012,0003,-30.70167,-52.10804,DOM FELICIANO
BETO GRILL,40,ESCOLA ESTADUAL DOM FELICIANO,DEPUTADO FEDERAL,PSB,012,0003,-30.70167,-52.10804,DOM FELICIANO
JOSE STEDILE,1,ESCOLA ESTADUAL DOM FELICIANO,DEPUTADO FEDERAL,PSB,012,0003,-30.70167,-52.10804,DOM FELICIANO
YEDA CRUSIUS,6,ESCOLA ESTADUAL DOM FELICIANO,DEPUTADO FEDERAL,PSDB,012,0003,-30.70167,-52.10804,DOM FELICIANO
NELSON MARCHEZAN JUNIOR,40,ESCOLA ESTADUAL DOM FELICIANO,DEPUTADO FEDERAL,PSDB,012,0003,-30.70167,-52.10804,DOM FELICIANO
MARIO FERNANDO,1,ESCOLA ESTADUAL DOM FELICIANO,DEPUTADO FEDERAL,PSOL,012,0003,-30.70167,-52.10804,DOM FELICIANO
DANRLEI DE DEUS GOLEIRO,3,ESCOLA ESTADUAL DOM FELICIANO,DEPUTADO FEDERAL,PSD,012,0003,-30.70167,-52.10804,DOM FELICIANO
WAMBERT DI LORENZO,1,ESCOLA ESTADUAL DOM FELICIANO,DEPUTADO FEDERAL,PSD,012,0003,-30.70167,-52.10804,DOM FELICIANO
BRANCO,24,ESCOLA ESTADUAL DOM FELICIANO,DEPUTADO FEDERAL,#NULO#,012,0003,-30.70167,-52.10804,DOM FELICIANO
NULO,8,ESCOLA ESTADUAL DOM FELICIANO,DEPUTADO FEDERAL,#NULO#,012,0003,-30.70167,-52.10804,DOM FELICIANO
CARLOS GOMES,1,ESCOLA ESTADUAL DOM FELICIANO,DEPUTADO FEDERAL,PRB,012,0003,-30.70167,-52.10804,DOM FELICIANO
MANO CHANGES,1,ESCOLA ESTADUAL DOM FELICIANO,DEPUTADO FEDERAL,PP,012,0003,-30.70167,-52.10804,DOM FELICIANO
JOSÉ OTAVIO GERMANO,1,ESCOLA ESTADUAL DOM FELICIANO,DEPUTADO FEDERAL,PP,012,0003,-30.70167,-52.10804,DOM FELICIANO
PP,1,ESCOLA ESTADUAL DOM FELICIANO,DEPUTADO FEDERAL,PP,012,0003,-30.70167,-52.10804,DOM FELICIANO
PDT,3,ESCOLA ESTADUAL DOM FELICIANO,DEPUTADO FEDERAL,PDT,012,0003,-30.70167,-52.10804,DOM FELICIANO
PT,12,ESCOLA ESTADUAL DOM FELICIANO,DEPUTADO FEDERAL,PT,012,0003,-30.70167,-52.10804,DOM FELICIANO
PMDB,1,ESCOLA ESTADUAL DOM FELICIANO,DEPUTADO FEDERAL,PMDB,012,0003,-30.70167,-52.10804,DOM FELICIANO
PRTB,1,ESCOLA ESTADUAL DOM FELICIANO,DEPUTADO FEDERAL,PRTB,012,0003,-30.70167,-52.10804,DOM FELICIANO
PSDB,1,ESCOLA ESTADUAL DOM FELICIANO,DEPUTADO FEDERAL,PSDB,012,0003,-30.70167,-52.10804,DOM FELICIANO
PPL,1,ESCOLA ESTADUAL DOM FELICIANO,DEPUTADO FEDERAL,PPL,012,0003,-30.70167,-52.10804,DOM FELICIANO
SÉRGIO MORAES,52,ESCOLA ESTADUAL DOM FELICIANO,DEPUTADO FEDERAL,PTB,012,0003,-30.70167,-52.10804,DOM FELICIANO
ELTON PRIMOROSA,3,ESCOLA ESTADUAL DOM FELICIANO,DEPUTADO FEDERAL,PTB,012,0003,-30.70167,-52.10804,DOM FELICIANO
MARCON,15,ESCOLA ESTADUAL DOM FELICIANO,DEPUTADO FEDERAL,PT,012,0003,-30.70167,-52.10804,DOM FELICIANO
IVAR PAVAN,1,ESCOLA ESTADUAL DOM FELICIANO,DEPUTADO FEDERAL,PT,012,0003,-30.70167,-52.10804,DOM FELICIANO
MARCO MAIA,5,ESCOLA ESTADUAL DOM FELICIANO,DEPUTADO FEDERAL,PT,012,0003,-30.70167,-52.10804,DOM FELICIANO
HENRIQUE FONTANA,64,ESCOLA ESTADUAL DOM FELICIANO,DEPUTADO FEDERAL,PT,012,0003,-30.70167,-52.10804,DOM FELICIANO
PEPE VARGAS,1,ESCOLA ESTADUAL DOM FELICIANO,DEPUTADO FEDERAL,PT,012,0003,-30.70167,-52.10804,DOM FELICIANO
RONALDO ZULKE,1,ESCOLA ESTADUAL DOM FELICIANO,DEPUTADO FEDERAL,PT,012,0003,-30.70167,-52.10804,DOM FELICIANO
JULIAN NARCISO,1,ESCOLA ESTADUAL DOM FELICIANO,DEPUTADO FEDERAL,PDT,012,0003,-30.70167,-52.10804,DOM FELICIANO
POMPEO DE MATTOS,1,ESCOLA ESTADUAL DOM FELICIANO,DEPUTADO FEDERAL,PDT,012,0003,-30.70167,-52.10804,DOM FELICIANO
AFONSO MOTTA,2,ESCOLA ESTADUAL DOM FELICIANO,DEPUTADO FEDERAL,PDT,012,0003,-30.70167,-52.10804,DOM FELICIANO
AFONSO HAMM,4,ESCOLA ESTADUAL DOM FELICIANO,DEPUTADO FEDERAL,PP,012,0003,-30.70167,-52.10804,DOM FELICIANO
CLAUDIO DIAZ,2,ESCOLA ESTADUAL DOM FELICIANO,DEPUTADO FEDERAL,PP,012,0003,-30.70167,-52.10804,DOM FELICIANO
BUSATO,4,ESCOLA ESTADUAL DOM FELICIANO,DEPUTADO FEDERAL,PTB,012,0003,-30.70167,-52.10804,DOM FELICIANO
CASAGRANDE,1,ESCOLA ESTADUAL DOM FELICIANO,DEPUTADO ESTADUAL,PT,012,0003,-30.70167,-52.10804,DOM FELICIANO
MARCELO MORAES,41,ESCOLA ESTADUAL DOM FELICIANO,DEPUTADO ESTADUAL,PTB,012,0003,-30.70167,-52.10804,DOM FELICIANO
PASTOR CELSO MORAES,2,ESCOLA ESTADUAL DOM FELICIANO,DEPUTADO ESTADUAL,PTB,012,0003,-30.70167,-52.10804,DOM FELICIANO
RONALDO SANTINI,1,ESCOLA ESTADUAL DOM FELICIANO,DEPUTADO ESTADUAL,PTB,012,0003,-30.70167,-52.10804,DOM FELICIANO
TAMI FURTADO,4,ESCOLA ESTADUAL DOM FELICIANO,DEPUTADO ESTADUAL,PTB,012,0003,-30.70167,-52.10804,DOM FELICIANO
JURANDIR MACIEL,1,ESCOLA ESTADUAL DOM FELICIANO,DEPUTADO ESTADUAL,PTB,012,0003,-30.70167,-52.10804,DOM FELICIANO
SPEROTTO,1,ESCOLA ESTADUAL DOM FELICIANO,DEPUTADO ESTADUAL,PTB,012,0003,-30.70167,-52.10804,DOM FELICIANO
EDSON BRUM,8,ESCOLA ESTADUAL DOM FELICIANO,DEPUTADO ESTADUAL,PMDB,012,0003,-30.70167,-52.10804,DOM FELICIANO
CHIQUINHO CARTEIRO,4,ESCOLA ESTADUAL DOM FELICIANO,DEPUTADO ESTADUAL,PMDB,012,0003,-30.70167,-52.10804,DOM FELICIANO
DANIEL DAUDT SCHAEFER,1,ESCOLA ESTADUAL DOM FELICIANO,DEPUTADO ESTADUAL,PMDB,012,0003,-30.70167,-52.10804,DOM FELICIANO
FÁBIO BRANCO,9,ESCOLA ESTADUAL DOM FELICIANO,DEPUTADO ESTADUAL,PMDB,012,0003,-30.70167,-52.10804,DOM FELICIANO
DR. FAVIO TELIS,1,ESCOLA ESTADUAL DOM FELICIANO,DEPUTADO ESTADUAL,PMDB,012,0003,-30.70167,-52.10804,DOM FELICIANO
TIAGO SIMON,1,ESCOLA ESTADUAL DOM FELICIANO,DEPUTADO ESTADUAL,PMDB,012,0003,-30.70167,-52.10804,DOM FELICIANO
MISSIONARIO VOLNEI,2,ESCOLA ESTADUAL DOM FELICIANO,DEPUTADO ESTADUAL,PR,012,0003,-30.70167,-52.10804,DOM FELICIANO
PAULO ODONE,1,ESCOLA ESTADUAL DOM FELICIANO,DEPUTADO ESTADUAL,PPS,012,0003,-30.70167,-52.10804,DOM FELICIANO
PAULO BORGES,1,ESCOLA ESTADUAL DOM FELICIANO,DEPUTADO ESTADUAL,DEM,012,0003,-30.70167,-52.10804,DOM FELICIANO
MIKI BREIER,15,ESCOLA ESTADUAL DOM FELICIANO,DEPUTADO ESTADUAL,PSB,012,0003,-30.70167,-52.10804,DOM FELICIANO
JOÃO PEDRO GRILL,18,ESCOLA ESTADUAL DOM FELICIANO,DEPUTADO ESTADUAL,PSB,012,0003,-30.70167,-52.10804,DOM FELICIANO
SÉRGIO STASINSKI,1,ESCOLA ESTADUAL DOM FELICIANO,DEPUTADO ESTADUAL,PV,012,0003,-30.70167,-52.10804,DOM FELICIANO
LUCAS REDECKER,8,ESCOLA ESTADUAL DOM FELICIANO,DEPUTADO ESTADUAL,PSDB,012,0003,-30.70167,-52.10804,DOM FELICIANO
GAÚCHO DA FRONTEIRA,1,ESCOLA ESTADUAL DOM FELICIANO,DEPUTADO ESTADUAL,PSDB,012,0003,-30.70167,-52.10804,DOM FELICIANO
PEDRO PEREIRA,31,ESCOLA ESTADUAL DOM FELICIANO,DEPUTADO ESTADUAL,PSDB,012,0003,-30.70167,-52.10804,DOM FELICIANO
JURANDIR SILVA,1,ESCOLA ESTADUAL DOM FELICIANO,DEPUTADO ESTADUAL,PSOL,012,0003,-30.70167,-52.10804,DOM FELICIANO
MANUELA D AVILA,6,ESCOLA ESTADUAL DOM FELICIANO,DEPUTADO ESTADUAL,PC do B,012,0003,-30.70167,-52.10804,DOM FELICIANO
PP,3,ESCOLA ESTADUAL DOM FELICIANO,DEPUTADO ESTADUAL,PP,012,0003,-30.70167,-52.10804,DOM FELICIANO
PDT,4,ESCOLA ESTADUAL DOM FELICIANO,DEPUTADO ESTADUAL,PDT,012,0003,-30.70167,-52.10804,DOM FELICIANO
PT,7,ESCOLA ESTADUAL DOM FELICIANO,DEPUTADO ESTADUAL,PT,012,0003,-30.70167,-52.10804,DOM FELICIANO
PTB,5,ESCOLA ESTADUAL DOM FELICIANO,DEPUTADO ESTADUAL,PTB,012,0003,-30.70167,-52.10804,DOM FELICIANO
PMDB,5,ESCOLA ESTADUAL DOM FELICIANO,DEPUTADO ESTADUAL,PMDB,012,0003,-30.70167,-52.10804,DOM FELICIANO
PRTB,1,ESCOLA ESTADUAL DOM FELICIANO,DEPUTADO ESTADUAL,PRTB,012,0003,-30.70167,-52.10804,DOM FELICIANO
PHS,1,ESCOLA ESTADUAL DOM FELICIANO,DEPUTADO ESTADUAL,PHS,012,0003,-30.70167,-52.10804,DOM FELICIANO
PSB,4,ESCOLA ESTADUAL DOM FELICIANO,DEPUTADO ESTADUAL,PSB,012,0003,-30.70167,-52.10804,DOM FELICIANO
PSDB,4,ESCOLA ESTADUAL DOM FELICIANO,DEPUTADO ESTADUAL,PSDB,012,0003,-30.70167,-52.10804,DOM FELICIANO
PSOL,1,ESCOLA ESTADUAL DOM FELICIANO,DEPUTADO ESTADUAL,PSOL,012,0003,-30.70167,-52.10804,DOM FELICIANO
BRANCO,23,ESCOLA ESTADUAL DOM FELICIANO,DEPUTADO ESTADUAL,#NULO#,012,0003,-30.70167,-52.10804,DOM FELICIANO
NULO,7,ESCOLA ESTADUAL DOM FELICIANO,DEPUTADO ESTADUAL,#NULO#,012,0003,-30.70167,-52.10804,DOM FELICIANO
SERGIO PERES,1,ESCOLA ESTADUAL DOM FELICIANO,DEPUTADO ESTADUAL,PRB,012,0003,-30.70167,-52.10804,DOM FELICIANO
MARCEL VAN HATTEM,1,ESCOLA ESTADUAL DOM FELICIANO,DEPUTADO ESTADUAL,PP,012,0003,-30.70167,-52.10804,DOM FELICIANO
BEATRIZ KRAINOVIC,1,ESCOLA ESTADUAL DOM FELICIANO,DEPUTADO ESTADUAL,PP,012,0003,-30.70167,-52.10804,DOM FELICIANO
MARCUS VINICIUS,8,ESCOLA ESTADUAL DOM FELICIANO,DEPUTADO ESTADUAL,PP,012,0003,-30.70167,-52.10804,DOM FELICIANO
MOISES MACHADO,1,ESCOLA ESTADUAL DOM FELICIANO,DEPUTADO ESTADUAL,PP,012,0003,-30.70167,-52.10804,DOM FELICIANO
FLAVIO LUIZ LAMMEL,1,ESCOLA ESTADUAL DOM FELICIANO,DEPUTADO ESTADUAL,PDT,012,0003,-30.70167,-52.10804,DOM FELICIANO
GERSON BURMANN,1,ESCOLA ESTADUAL DOM FELICIANO,DEPUTADO ESTADUAL,PDT,012,0003,-30.70167,-52.10804,DOM FELICIANO
GILMAR SOSSELLA,1,ESCOLA ESTADUAL DOM FELICIANO,DEPUTADO ESTADUAL,PDT,012,0003,-30.70167,-52.10804,DOM FELICIANO
MARLON SANTOS,23,ESCOLA ESTADUAL DOM FELICIANO,DEPUTADO ESTADUAL,PDT,012,0003,-30.70167,-52.10804,DOM FELICIANO
ANTONIO ALTAIR - NECO,7,ESCOLA ESTADUAL DOM FELICIANO,DEPUTADO ESTADUAL,PDT,012,0003,-30.70167,-52.10804,DOM FELICIANO
NELSON SPOLAOR,2,ESCOLA ESTADUAL DOM FELICIANO,DEPUTADO ESTADUAL,PT,012,0003,-30.70167,-52.10804,DOM FELICIANO
TORTELLI,3,ESCOLA ESTADUAL DOM FELICIANO,DEPUTADO ESTADUAL,PT,012,0003,-30.70167,-52.10804,DOM FELICIANO
DUDA CALVIN,1,ESCOLA ESTADUAL DOM FELICIANO,DEPUTADO ESTADUAL,PT,012,0003,-30.70167,-52.10804,DOM FELICIANO
ZÉ NUNES,44,ESCOLA ESTADUAL DOM FELICIANO,DEPUTADO ESTADUAL,PT,012,0003,-30.70167,-52.10804,DOM FELICIANO
MAINARDI,10,ESCOLA ESTADUAL DOM FELICIANO,DEPUTADO ESTADUAL,PT,012,0003,-30.70167,-52.10804,DOM FELICIANO
NELSINHO METALÚRGICO,2,ESCOLA ESTADUAL DOM FELICIANO,DEPUTADO ESTADUAL,PT,012,0003,-30.70167,-52.10804,DOM FELICIANO
BRANCO,14,ESCOLA CATULINO PEREIRA DA ROSA,PRESIDENTE,#NULO#,012,0009,-30.70802,-52.10865,DOM FELICIANO
NULO,18,ESCOLA CATULINO PEREIRA DA ROSA,PRESIDENTE,#NULO#,012,0009,-30.70802,-52.10865,DOM FELICIANO
DILMA,161,ESCOLA CATULINO PEREIRA DA ROSA,PRESIDENTE,PT,012,0009,-30.70802,-52.10865,DOM FELICIANO
EYMAEL,1,ESCOLA CATULINO PEREIRA DA ROSA,PRESIDENTE,PSDC,012,0009,-30.70802,-52.10865,DOM FELICIANO
LEVY FIDELIX,1,ESCOLA CATULINO PEREIRA DA ROSA,PRESIDENTE,PRTB,012,0009,-30.70802,-52.10865,DOM FELICIANO
AÉCIO NEVES,105,ESCOLA CATULINO PEREIRA DA ROSA,PRESIDENTE,PSDB,012,0009,-30.70802,-52.10865,DOM FELICIANO
EDUARDO JORGE,3,ESCOLA CATULINO PEREIRA DA ROSA,PRESIDENTE,PV,012,0009,-30.70802,-52.10865,DOM FELICIANO
MARINA SILVA,15,ESCOLA CATULINO PEREIRA DA ROSA,PRESIDENTE,PSB,012,0009,-30.70802,-52.10865,DOM FELICIANO
ANA AMELIA LEMOS,78,ESCOLA CATULINO PEREIRA DA ROSA,GOVERNADOR,PP,012,0009,-30.70802,-52.10865,DOM FELICIANO
VIEIRA DA CUNHA,4,ESCOLA CATULINO PEREIRA DA ROSA,GOVERNADOR,PDT,012,0009,-30.70802,-52.10865,DOM FELICIANO
TARSO GENRO,132,ESCOLA CATULINO PEREIRA DA ROSA,GOVERNADOR,PT,012,0009,-30.70802,-52.10865,DOM FELICIANO
NULO,18,ESCOLA CATULINO PEREIRA DA ROSA,GOVERNADOR,#NULO#,012,0009,-30.70802,-52.10865,DOM FELICIANO
BRANCO,24,ESCOLA CATULINO PEREIRA DA ROSA,GOVERNADOR,#NULO#,012,0009,-30.70802,-52.10865,DOM FELICIANO
JOSÉ IVO SARTORI,62,ESCOLA CATULINO PEREIRA DA ROSA,GOVERNADOR,PMDB,012,0009,-30.70802,-52.10865,DOM FELICIANO
OLÍVIO DUTRA,134,ESCOLA CATULINO PEREIRA DA ROSA,SENADOR,PT,012,0009,-30.70802,-52.10865,DOM FELICIANO
LASIER MARTINS,56,ESCOLA CATULINO PEREIRA DA ROSA,SENADOR,PDT,012,0009,-30.70802,-52.10865,DOM FELICIANO
SIMONE LEITE,30,ESCOLA CATULINO PEREIRA DA ROSA,SENADOR,PP,012,0009,-30.70802,-52.10865,DOM FELICIANO
NULO,26,ESCOLA CATULINO PEREIRA DA ROSA,SENADOR,#NULO#,012,0009,-30.70802,-52.10865,DOM FELICIANO
BRANCO,34,ESCOLA CATULINO PEREIRA DA ROSA,SENADOR,#NULO#,012,0009,-30.70802,-52.10865,DOM FELICIANO
SIMON,38,ESCOLA CATULINO PEREIRA DA ROSA,SENADOR,PMDB,012,0009,-30.70802,-52.10865,DOM FELICIANO
POMPEO DE MATTOS,2,ESCOLA CATULINO PEREIRA DA ROSA,DEPUTADO FEDERAL,PDT,012,0009,-30.70802,-52.10865,DOM FELICIANO
FLAVIO ZACHER,2,ESCOLA CATULINO PEREIRA DA ROSA,DEPUTADO FEDERAL,PDT,012,0009,-30.70802,-52.10865,DOM FELICIANO
RONALDO ZULKE,2,ESCOLA CATULINO PEREIRA DA ROSA,DEPUTADO FEDERAL,PT,012,0009,-30.70802,-52.10865,DOM FELICIANO
HENRIQUE FONTANA,63,ESCOLA CATULINO PEREIRA DA ROSA,DEPUTADO FEDERAL,PT,012,0009,-30.70802,-52.10865,DOM FELICIANO
MARCO MAIA,9,ESCOLA CATULINO PEREIRA DA ROSA,DEPUTADO FEDERAL,PT,012,0009,-30.70802,-52.10865,DOM FELICIANO
IVAR PAVAN,4,ESCOLA CATULINO PEREIRA DA ROSA,DEPUTADO FEDERAL,PT,012,0009,-30.70802,-52.10865,DOM FELICIANO
MARCON,15,ESCOLA CATULINO PEREIRA DA ROSA,DEPUTADO FEDERAL,PT,012,0009,-30.70802,-52.10865,DOM FELICIANO
ELTON PRIMOROSA,4,ESCOLA CATULINO PEREIRA DA ROSA,DEPUTADO FEDERAL,PTB,012,0009,-30.70802,-52.10865,DOM FELICIANO
SÉRGIO MORAES,55,ESCOLA CATULINO PEREIRA DA ROSA,DEPUTADO FEDERAL,PTB,012,0009,-30.70802,-52.10865,DOM FELICIANO
BUSATO,4,ESCOLA CATULINO PEREIRA DA ROSA,DEPUTADO FEDERAL,PTB,012,0009,-30.70802,-52.10865,DOM FELICIANO
RONALDO NOGUEIRA,5,ESCOLA CATULINO PEREIRA DA ROSA,DEPUTADO FEDERAL,PTB,012,0009,-30.70802,-52.10865,DOM FELICIANO
ALCEU MOREIRA,2,ESCOLA CATULINO PEREIRA DA ROSA,DEPUTADO FEDERAL,PMDB,012,0009,-30.70802,-52.10865,DOM FELICIANO
GIOVANI FELTES,15,ESCOLA CATULINO PEREIRA DA ROSA,DEPUTADO FEDERAL,PMDB,012,0009,-30.70802,-52.10865,DOM FELICIANO
MÁRCIO BIOLCHI,1,ESCOLA CATULINO PEREIRA DA ROSA,DEPUTADO FEDERAL,PMDB,012,0009,-30.70802,-52.10865,DOM FELICIANO
GAUCHINHO DE DEUS,1,ESCOLA CATULINO PEREIRA DA ROSA,DEPUTADO FEDERAL,PSC,012,0009,-30.70802,-52.10865,DOM FELICIANO
CAJAR NARDES,1,ESCOLA CATULINO PEREIRA DA ROSA,DEPUTADO FEDERAL,PR,012,0009,-30.70802,-52.10865,DOM FELICIANO
EVERLEI,1,ESCOLA CATULINO PEREIRA DA ROSA,DEPUTADO FEDERAL,PSB,012,0009,-30.70802,-52.10865,DOM FELICIANO
BETO GRILL,25,ESCOLA CATULINO PEREIRA DA ROSA,DEPUTADO FEDERAL,PSB,012,0009,-30.70802,-52.10865,DOM FELICIANO
MÁRCIO SOUZA,1,ESCOLA CATULINO PEREIRA DA ROSA,DEPUTADO FEDERAL,PV,012,0009,-30.70802,-52.10865,DOM FELICIANO
AFONSO MOTTA,3,ESCOLA CATULINO PEREIRA DA ROSA,DEPUTADO FEDERAL,PDT,012,0009,-30.70802,-52.10865,DOM FELICIANO
AFONSO HAMM,1,ESCOLA CATULINO PEREIRA DA ROSA,DEPUTADO FEDERAL,PP,012,0009,-30.70802,-52.10865,DOM FELICIANO
CLAUDIO DIAZ,1,ESCOLA CATULINO PEREIRA DA ROSA,DEPUTADO FEDERAL,PP,012,0009,-30.70802,-52.10865,DOM FELICIANO
ÂNGELA FACHINELLO,1,ESCOLA CATULINO PEREIRA DA ROSA,DEPUTADO FEDERAL,PP,012,0009,-30.70802,-52.10865,DOM FELICIANO
COVATTI FILHO,1,ESCOLA CATULINO PEREIRA DA ROSA,DEPUTADO FEDERAL,PP,012,0009,-30.70802,-52.10865,DOM FELICIANO
CARLOS GOMES,1,ESCOLA CATULINO PEREIRA DA ROSA,DEPUTADO FEDERAL,PRB,012,0009,-30.70802,-52.10865,DOM FELICIANO
NULO,8,ESCOLA CATULINO PEREIRA DA ROSA,DEPUTADO FEDERAL,#NULO#,012,0009,-30.70802,-52.10865,DOM FELICIANO
BRANCO,20,ESCOLA CATULINO PEREIRA DA ROSA,DEPUTADO FEDERAL,#NULO#,012,0009,-30.70802,-52.10865,DOM FELICIANO
PSDB,5,ESCOLA CATULINO PEREIRA DA ROSA,DEPUTADO FEDERAL,PSDB,012,0009,-30.70802,-52.10865,DOM FELICIANO
PRP,1,ESCOLA CATULINO PEREIRA DA ROSA,DEPUTADO FEDERAL,PRP,012,0009,-30.70802,-52.10865,DOM FELICIANO
FILIPE TOLEDO,1,ESCOLA CATULINO PEREIRA DA ROSA,DEPUTADO FEDERAL,PSDB,012,0009,-30.70802,-52.10865,DOM FELICIANO
PRTB,1,ESCOLA CATULINO PEREIRA DA ROSA,DEPUTADO FEDERAL,PRTB,012,0009,-30.70802,-52.10865,DOM FELICIANO
PTB,2,ESCOLA CATULINO PEREIRA DA ROSA,DEPUTADO FEDERAL,PTB,012,0009,-30.70802,-52.10865,DOM FELICIANO
PT,8,ESCOLA CATULINO PEREIRA DA ROSA,DEPUTADO FEDERAL,PT,012,0009,-30.70802,-52.10865,DOM FELICIANO
PDT,3,ESCOLA CATULINO PEREIRA DA ROSA,DEPUTADO FEDERAL,PDT,012,0009,-30.70802,-52.10865,DOM FELICIANO
PP,3,ESCOLA CATULINO PEREIRA DA ROSA,DEPUTADO FEDERAL,PP,012,0009,-30.70802,-52.10865,DOM FELICIANO
DANRLEI DE DEUS GOLEIRO,4,ESCOLA CATULINO PEREIRA DA ROSA,DEPUTADO FEDERAL,PSD,012,0009,-30.70802,-52.10865,DOM FELICIANO
JOÃO FERNANDO,1,ESCOLA CATULINO PEREIRA DA ROSA,DEPUTADO FEDERAL,PEN,012,0009,-30.70802,-52.10865,DOM FELICIANO
NELSON MARCHEZAN JUNIOR,36,ESCOLA CATULINO PEREIRA DA ROSA,DEPUTADO FEDERAL,PSDB,012,0009,-30.70802,-52.10865,DOM FELICIANO
YEDA CRUSIUS,4,ESCOLA CATULINO PEREIRA DA ROSA,DEPUTADO FEDERAL,PSDB,012,0009,-30.70802,-52.10865,DOM FELICIANO
PHS,1,ESCOLA CATULINO PEREIRA DA ROSA,DEPUTADO FEDERAL,PHS,012,0009,-30.70802,-52.10865,DOM FELICIANO
CRISTINA REIS,1,ESCOLA CATULINO PEREIRA DA ROSA,DEPUTADO ESTADUAL,PMDB,012,0009,-30.70802,-52.10865,DOM FELICIANO
MOSSINI,1,ESCOLA CATULINO PEREIRA DA ROSA,DEPUTADO ESTADUAL,PMDB,012,0009,-30.70802,-52.10865,DOM FELICIANO
MISSIONARIO VOLNEI,1,ESCOLA CATULINO PEREIRA DA ROSA,DEPUTADO ESTADUAL,PR,012,0009,-30.70802,-52.10865,DOM FELICIANO
ROQUE DICK,2,ESCOLA CATULINO PEREIRA DA ROSA,DEPUTADO ESTADUAL,DEM,012,0009,-30.70802,-52.10865,DOM FELICIANO
MIKI BREIER,16,ESCOLA CATULINO PEREIRA DA ROSA,DEPUTADO ESTADUAL,PSB,012,0009,-30.70802,-52.10865,DOM FELICIANO
JOÃO PEDRO GRILL,11,ESCOLA CATULINO PEREIRA DA ROSA,DEPUTADO ESTADUAL,PSB,012,0009,-30.70802,-52.10865,DOM FELICIANO
SÉRGIO STASINSKI,3,ESCOLA CATULINO PEREIRA DA ROSA,DEPUTADO ESTADUAL,PV,012,0009,-30.70802,-52.10865,DOM FELICIANO
LUCAS REDECKER,3,ESCOLA CATULINO PEREIRA DA ROSA,DEPUTADO ESTADUAL,PSDB,012,0009,-30.70802,-52.10865,DOM FELICIANO
PEDRO PEREIRA,38,ESCOLA CATULINO PEREIRA DA ROSA,DEPUTADO ESTADUAL,PSDB,012,0009,-30.70802,-52.10865,DOM FELICIANO
BAMBERG,1,ESCOLA CATULINO PEREIRA DA ROSA,DEPUTADO ESTADUAL,PPL,012,0009,-30.70802,-52.10865,DOM FELICIANO
JARDEL CENTROAVANTE,2,ESCOLA CATULINO PEREIRA DA ROSA,DEPUTADO ESTADUAL,PSD,012,0009,-30.70802,-52.10865,DOM FELICIANO
EDUARDO LOUREIRO,1,ESCOLA CATULINO PEREIRA DA ROSA,DEPUTADO ESTADUAL,PDT,012,0009,-30.70802,-52.10865,DOM FELICIANO
MARLON SANTOS,18,ESCOLA CATULINO PEREIRA DA ROSA,DEPUTADO ESTADUAL,PDT,012,0009,-30.70802,-52.10865,DOM FELICIANO
ANTONIO ALTAIR - NECO,2,ESCOLA CATULINO PEREIRA DA ROSA,DEPUTADO ESTADUAL,PDT,012,0009,-30.70802,-52.10865,DOM FELICIANO
TORTELLI,2,ESCOLA CATULINO PEREIRA DA ROSA,DEPUTADO ESTADUAL,PT,012,0009,-30.70802,-52.10865,DOM FELICIANO
STELA,2,ESCOLA CATULINO PEREIRA DA ROSA,DEPUTADO ESTADUAL,PT,012,0009,-30.70802,-52.10865,DOM FELICIANO
RICARDO CARPES,1,ESCOLA CATULINO PEREIRA DA ROSA,DEPUTADO ESTADUAL,PT,012,0009,-30.70802,-52.10865,DOM FELICIANO
NESTOR SCHWERTNER,1,ESCOLA CATULINO PEREIRA DA ROSA,DEPUTADO ESTADUAL,PT,012,0009,-30.70802,-52.10865,DOM FELICIANO
ZÉ NUNES,49,ESCOLA CATULINO PEREIRA DA ROSA,DEPUTADO ESTADUAL,PT,012,0009,-30.70802,-52.10865,DOM FELICIANO
MAINARDI,8,ESCOLA CATULINO PEREIRA DA ROSA,DEPUTADO ESTADUAL,PT,012,0009,-30.70802,-52.10865,DOM FELICIANO
DENIS REMI,1,ESCOLA CATULINO PEREIRA DA ROSA,DEPUTADO ESTADUAL,PT,012,0009,-30.70802,-52.10865,DOM FELICIANO
NELSINHO METALÚRGICO,4,ESCOLA CATULINO PEREIRA DA ROSA,DEPUTADO ESTADUAL,PT,012,0009,-30.70802,-52.10865,DOM FELICIANO
MARCELO MORAES,43,ESCOLA CATULINO PEREIRA DA ROSA,DEPUTADO ESTADUAL,PTB,012,0009,-30.70802,-52.10865,DOM FELICIANO
KELLY MORAES,2,ESCOLA CATULINO PEREIRA DA ROSA,DEPUTADO ESTADUAL,PTB,012,0009,-30.70802,-52.10865,DOM FELICIANO
TAMI FURTADO,4,ESCOLA CATULINO PEREIRA DA ROSA,DEPUTADO ESTADUAL,PTB,012,0009,-30.70802,-52.10865,DOM FELICIANO
JURANDIR MACIEL,4,ESCOLA CATULINO PEREIRA DA ROSA,DEPUTADO ESTADUAL,PTB,012,0009,-30.70802,-52.10865,DOM FELICIANO
SPEROTTO,1,ESCOLA CATULINO PEREIRA DA ROSA,DEPUTADO ESTADUAL,PTB,012,0009,-30.70802,-52.10865,DOM FELICIANO
PROFESSOR NATHANAEL,1,ESCOLA CATULINO PEREIRA DA ROSA,DEPUTADO ESTADUAL,PTB,012,0009,-30.70802,-52.10865,DOM FELICIANO
EDSON BRUM,7,ESCOLA CATULINO PEREIRA DA ROSA,DEPUTADO ESTADUAL,PMDB,012,0009,-30.70802,-52.10865,DOM FELICIANO
PRB,1,ESCOLA CATULINO PEREIRA DA ROSA,DEPUTADO ESTADUAL,PRB,012,0009,-30.70802,-52.10865,DOM FELICIANO
PP,3,ESCOLA CATULINO PEREIRA DA ROSA,DEPUTADO ESTADUAL,PP,012,0009,-30.70802,-52.10865,DOM FELICIANO
PDT,3,ESCOLA CATULINO PEREIRA DA ROSA,DEPUTADO ESTADUAL,PDT,012,0009,-30.70802,-52.10865,DOM FELICIANO
PT,9,ESCOLA CATULINO PEREIRA DA ROSA,DEPUTADO ESTADUAL,PT,012,0009,-30.70802,-52.10865,DOM FELICIANO
PTB,10,ESCOLA CATULINO PEREIRA DA ROSA,DEPUTADO ESTADUAL,PTB,012,0009,-30.70802,-52.10865,DOM FELICIANO
PMDB,1,ESCOLA CATULINO PEREIRA DA ROSA,DEPUTADO ESTADUAL,PMDB,012,0009,-30.70802,-52.10865,DOM FELICIANO
PCB,1,ESCOLA CATULINO PEREIRA DA ROSA,DEPUTADO ESTADUAL,PCB,012,0009,-30.70802,-52.10865,DOM FELICIANO
PSB,1,ESCOLA CATULINO PEREIRA DA ROSA,DEPUTADO ESTADUAL,PSB,012,0009,-30.70802,-52.10865,DOM FELICIANO
PRP,1,ESCOLA CATULINO PEREIRA DA ROSA,DEPUTADO ESTADUAL,PRP,012,0009,-30.70802,-52.10865,DOM FELICIANO
PSDB,2,ESCOLA CATULINO PEREIRA DA ROSA,DEPUTADO ESTADUAL,PSDB,012,0009,-30.70802,-52.10865,DOM FELICIANO
PSD,1,ESCOLA CATULINO PEREIRA DA ROSA,DEPUTADO ESTADUAL,PSD,012,0009,-30.70802,-52.10865,DOM FELICIANO
BRANCO,18,ESCOLA CATULINO PEREIRA DA ROSA,DEPUTADO ESTADUAL,#NULO#,012,0009,-30.70802,-52.10865,DOM FELICIANO
NULO,10,ESCOLA CATULINO PEREIRA DA ROSA,DEPUTADO ESTADUAL,#NULO#,012,0009,-30.70802,-52.10865,DOM FELICIANO
MANUELA D AVILA,4,ESCOLA CATULINO PEREIRA DA ROSA,DEPUTADO ESTADUAL,PC do B,012,0009,-30.70802,-52.10865,DOM FELICIANO
SERGIO PERES,1,ESCOLA CATULINO PEREIRA DA ROSA,DEPUTADO ESTADUAL,PRB,012,0009,-30.70802,-52.10865,DOM FELICIANO
MARCUS VINICIUS,3,ESCOLA CATULINO PEREIRA DA ROSA,DEPUTADO ESTADUAL,PP,012,0009,-30.70802,-52.10865,DOM FELICIANO
ERNANI POLO,1,ESCOLA CATULINO PEREIRA DA ROSA,DEPUTADO ESTADUAL,PP,012,0009,-30.70802,-52.10865,DOM FELICIANO
MOISES MACHADO,2,ESCOLA CATULINO PEREIRA DA ROSA,DEPUTADO ESTADUAL,PP,012,0009,-30.70802,-52.10865,DOM FELICIANO
MARCIO BINS ELY,1,ESCOLA CATULINO PEREIRA DA ROSA,DEPUTADO ESTADUAL,PDT,012,0009,-30.70802,-52.10865,DOM FELICIANO
DR. THIAGO,1,ESCOLA CATULINO PEREIRA DA ROSA,DEPUTADO ESTADUAL,PDT,012,0009,-30.70802,-52.10865,DOM FELICIANO
FLAVIO LUIZ LAMMEL,2,ESCOLA CATULINO PEREIRA DA ROSA,DEPUTADO ESTADUAL,PDT,012,0009,-30.70802,-52.10865,DOM FELICIANO
GERSON BURMANN,1,ESCOLA CATULINO PEREIRA DA ROSA,DEPUTADO ESTADUAL,PDT,012,0009,-30.70802,-52.10865,DOM FELICIANO
CHIQUINHO CARTEIRO,1,ESCOLA CATULINO PEREIRA DA ROSA,DEPUTADO ESTADUAL,PMDB,012,0009,-30.70802,-52.10865,DOM FELICIANO
FÁBIO BRANCO,10,ESCOLA CATULINO PEREIRA DA ROSA,DEPUTADO ESTADUAL,PMDB,012,0009,-30.70802,-52.10865,DOM FELICIANO
DILMA,112,ESCOLA MUNICIPAL SANTA TERESINHA,PRESIDENTE,PT,012,0020,-30.73588,-52.27163,DOM FELICIANO
PASTOR EVERALDO,12,ESCOLA MUNICIPAL SANTA TERESINHA,PRESIDENTE,PSC,012,0020,-30.73588,-52.27163,DOM FELICIANO
MARINA SILVA,15,ESCOLA MUNICIPAL SANTA TERESINHA,PRESIDENTE,PSB,012,0020,-30.73588,-52.27163,DOM FELICIANO
EDUARDO JORGE,1,ESCOLA MUNICIPAL SANTA TERESINHA,PRESIDENTE,PV,012,0020,-30.73588,-52.27163,DOM FELICIANO
AÉCIO NEVES,86,ESCOLA MUNICIPAL SANTA TERESINHA,PRESIDENTE,PSDB,012,0020,-30.73588,-52.27163,DOM FELICIANO
BRANCO,15,ESCOLA MUNICIPAL SANTA TERESINHA,PRESIDENTE,#NULO#,012,0020,-30.73588,-52.27163,DOM FELICIANO
NULO,11,ESCOLA MUNICIPAL SANTA TERESINHA,PRESIDENTE,#NULO#,012,0020,-30.73588,-52.27163,DOM FELICIANO
ANA AMELIA LEMOS,75,ESCOLA MUNICIPAL SANTA TERESINHA,GOVERNADOR,PP,012,0020,-30.73588,-52.27163,DOM FELICIANO
VIEIRA DA CUNHA,3,ESCOLA MUNICIPAL SANTA TERESINHA,GOVERNADOR,PDT,012,0020,-30.73588,-52.27163,DOM FELICIANO
TARSO GENRO,80,ESCOLA MUNICIPAL SANTA TERESINHA,GOVERNADOR,PT,012,0020,-30.73588,-52.27163,DOM FELICIANO
JOSÉ IVO SARTORI,42,ESCOLA MUNICIPAL SANTA TERESINHA,GOVERNADOR,PMDB,012,0020,-30.73588,-52.27163,DOM FELICIANO
BRANCO,36,ESCOLA MUNICIPAL SANTA TERESINHA,GOVERNADOR,#NULO#,012,0020,-30.73588,-52.27163,DOM FELICIANO
NULO,16,ESCOLA MUNICIPAL SANTA TERESINHA,GOVERNADOR,#NULO#,012,0020,-30.73588,-52.27163,DOM FELICIANO
BRANCO,45,ESCOLA MUNICIPAL SANTA TERESINHA,SENADOR,#NULO#,012,0020,-30.73588,-52.27163,DOM FELICIANO
NULO,22,ESCOLA MUNICIPAL SANTA TERESINHA,SENADOR,#NULO#,012,0020,-30.73588,-52.27163,DOM FELICIANO
SIMON,39,ESCOLA MUNICIPAL SANTA TERESINHA,SENADOR,PMDB,012,0020,-30.73588,-52.27163,DOM FELICIANO
LASIER MARTINS,51,ESCOLA MUNICIPAL SANTA TERESINHA,SENADOR,PDT,012,0020,-30.73588,-52.27163,DOM FELICIANO
OLÍVIO DUTRA,64,ESCOLA MUNICIPAL SANTA TERESINHA,SENADOR,PT,012,0020,-30.73588,-52.27163,DOM FELICIANO
SIMONE LEITE,31,ESCOLA MUNICIPAL SANTA TERESINHA,SENADOR,PP,012,0020,-30.73588,-52.27163,DOM FELICIANO
PSC,2,ESCOLA MUNICIPAL SANTA TERESINHA,DEPUTADO FEDERAL,PSC,012,0020,-30.73588,-52.27163,DOM FELICIANO
PHS,1,ESCOLA MUNICIPAL SANTA TERESINHA,DEPUTADO FEDERAL,PHS,012,0020,-30.73588,-52.27163,DOM FELICIANO
PSB,1,ESCOLA MUNICIPAL SANTA TERESINHA,DEPUTADO FEDERAL,PSB,012,0020,-30.73588,-52.27163,DOM FELICIANO
PSDB,6,ESCOLA MUNICIPAL SANTA TERESINHA,DEPUTADO FEDERAL,PSDB,012,0020,-30.73588,-52.27163,DOM FELICIANO
BRANCO,29,ESCOLA MUNICIPAL SANTA TERESINHA,DEPUTADO FEDERAL,#NULO#,012,0020,-30.73588,-52.27163,DOM FELICIANO
NULO,3,ESCOLA MUNICIPAL SANTA TERESINHA,DEPUTADO FEDERAL,#NULO#,012,0020,-30.73588,-52.27163,DOM FELICIANO
COVATTI FILHO,1,ESCOLA MUNICIPAL SANTA TERESINHA,DEPUTADO FEDERAL,PP,012,0020,-30.73588,-52.27163,DOM FELICIANO
JOSÉ OTAVIO GERMANO,1,ESCOLA MUNICIPAL SANTA TERESINHA,DEPUTADO FEDERAL,PP,012,0020,-30.73588,-52.27163,DOM FELICIANO
AFONSO HAMM,1,ESCOLA MUNICIPAL SANTA TERESINHA,DEPUTADO FEDERAL,PP,012,0020,-30.73588,-52.27163,DOM FELICIANO
GIOVANI  CHERINI,1,ESCOLA MUNICIPAL SANTA TERESINHA,DEPUTADO FEDERAL,PDT,012,0020,-30.73588,-52.27163,DOM FELICIANO
HENRIQUE FONTANA,12,ESCOLA MUNICIPAL SANTA TERESINHA,DEPUTADO FEDERAL,PT,012,0020,-30.73588,-52.27163,DOM FELICIANO
MARCO MAIA,4,ESCOLA MUNICIPAL SANTA TERESINHA,DEPUTADO FEDERAL,PT,012,0020,-30.73588,-52.27163,DOM FELICIANO
MARCON,11,ESCOLA MUNICIPAL SANTA TERESINHA,DEPUTADO FEDERAL,PT,012,0020,-30.73588,-52.27163,DOM FELICIANO
SÉRGIO MORAES,73,ESCOLA MUNICIPAL SANTA TERESINHA,DEPUTADO FEDERAL,PTB,012,0020,-30.73588,-52.27163,DOM FELICIANO
BUSATO,7,ESCOLA MUNICIPAL SANTA TERESINHA,DEPUTADO FEDERAL,PTB,012,0020,-30.73588,-52.27163,DOM FELICIANO
RONALDO NOGUEIRA,13,ESCOLA MUNICIPAL SANTA TERESINHA,DEPUTADO FEDERAL,PTB,012,0020,-30.73588,-52.27163,DOM FELICIANO
RAFÃO OLIVEIRA,1,ESCOLA MUNICIPAL SANTA TERESINHA,DEPUTADO FEDERAL,PTB,012,0020,-30.73588,-52.27163,DOM FELICIANO
SANDRO CUNHA,1,ESCOLA MUNICIPAL SANTA TERESINHA,DEPUTADO FEDERAL,PTB,012,0020,-30.73588,-52.27163,DOM FELICIANO
JOSÉ FOGAÇA,1,ESCOLA MUNICIPAL SANTA TERESINHA,DEPUTADO FEDERAL,PMDB,012,0020,-30.73588,-52.27163,DOM FELICIANO
GIOVANI FELTES,6,ESCOLA MUNICIPAL SANTA TERESINHA,DEPUTADO FEDERAL,PMDB,012,0020,-30.73588,-52.27163,DOM FELICIANO
MÁRCIO BIOLCHI,8,ESCOLA MUNICIPAL SANTA TERESINHA,DEPUTADO FEDERAL,PMDB,012,0020,-30.73588,-52.27163,DOM FELICIANO
JULIO CESAR,1,ESCOLA MUNICIPAL SANTA TERESINHA,DEPUTADO FEDERAL,PMDB,012,0020,-30.73588,-52.27163,DOM FELICIANO
CAJAR NARDES,2,ESCOLA MUNICIPAL SANTA TERESINHA,DEPUTADO FEDERAL,PR,012,0020,-30.73588,-52.27163,DOM FELICIANO
BETO GRILL,33,ESCOLA MUNICIPAL SANTA TERESINHA,DEPUTADO FEDERAL,PSB,012,0020,-30.73588,-52.27163,DOM FELICIANO
JOSE STEDILE,2,ESCOLA MUNICIPAL SANTA TERESINHA,DEPUTADO FEDERAL,PSB,012,0020,-30.73588,-52.27163,DOM FELICIANO
ELISABETE FELICE,1,ESCOLA MUNICIPAL SANTA TERESINHA,DEPUTADO FEDERAL,PSDB,012,0020,-30.73588,-52.27163,DOM FELICIANO
NELSON MARCHEZAN JUNIOR,21,ESCOLA MUNICIPAL SANTA TERESINHA,DEPUTADO FEDERAL,PSDB,012,0020,-30.73588,-52.27163,DOM FELICIANO
DANRLEI DE DEUS GOLEIRO,1,ESCOLA MUNICIPAL SANTA TERESINHA,DEPUTADO FEDERAL,PSD,012,0020,-30.73588,-52.27163,DOM FELICIANO
PP,1,ESCOLA MUNICIPAL SANTA TERESINHA,DEPUTADO FEDERAL,PP,012,0020,-30.73588,-52.27163,DOM FELICIANO
PDT,2,ESCOLA MUNICIPAL SANTA TERESINHA,DEPUTADO FEDERAL,PDT,012,0020,-30.73588,-52.27163,DOM FELICIANO
PT,4,ESCOLA MUNICIPAL SANTA TERESINHA,DEPUTADO FEDERAL,PT,012,0020,-30.73588,-52.27163,DOM FELICIANO
PTB,1,ESCOLA MUNICIPAL SANTA TERESINHA,DEPUTADO FEDERAL,PTB,012,0020,-30.73588,-52.27163,DOM FELICIANO
MISSIONARIO VOLNEI,3,ESCOLA MUNICIPAL SANTA TERESINHA,DEPUTADO ESTADUAL,PR,012,0020,-30.73588,-52.27163,DOM FELICIANO
BRANCO,28,ESCOLA MUNICIPAL SANTA TERESINHA,DEPUTADO ESTADUAL,#NULO#,012,0020,-30.73588,-52.27163,DOM FELICIANO
MIKI BREIER,14,ESCOLA MUNICIPAL SANTA TERESINHA,DEPUTADO ESTADUAL,PSB,012,0020,-30.73588,-52.27163,DOM FELICIANO
JOÃO PEDRO GRILL,23,ESCOLA MUNICIPAL SANTA TERESINHA,DEPUTADO ESTADUAL,PSB,012,0020,-30.73588,-52.27163,DOM FELICIANO
LUCAS REDECKER,1,ESCOLA MUNICIPAL SANTA TERESINHA,DEPUTADO ESTADUAL,PSDB,012,0020,-30.73588,-52.27163,DOM FELICIANO
PEDRO PEREIRA,20,ESCOLA MUNICIPAL SANTA TERESINHA,DEPUTADO ESTADUAL,PSDB,012,0020,-30.73588,-52.27163,DOM FELICIANO
SILVANA COVATTI,1,ESCOLA MUNICIPAL SANTA TERESINHA,DEPUTADO ESTADUAL,PP,012,0020,-30.73588,-52.27163,DOM FELICIANO
FREDERICO ANTUNES,1,ESCOLA MUNICIPAL SANTA TERESINHA,DEPUTADO ESTADUAL,PP,012,0020,-30.73588,-52.27163,DOM FELICIANO
MARCUS VINICIUS,1,ESCOLA MUNICIPAL SANTA TERESINHA,DEPUTADO ESTADUAL,PP,012,0020,-30.73588,-52.27163,DOM FELICIANO
MOISES MACHADO,6,ESCOLA MUNICIPAL SANTA TERESINHA,DEPUTADO ESTADUAL,PP,012,0020,-30.73588,-52.27163,DOM FELICIANO
JULIANA BRIZOLA,1,ESCOLA MUNICIPAL SANTA TERESINHA,DEPUTADO ESTADUAL,PDT,012,0020,-30.73588,-52.27163,DOM FELICIANO
MARLON SANTOS,6,ESCOLA MUNICIPAL SANTA TERESINHA,DEPUTADO ESTADUAL,PDT,012,0020,-30.73588,-52.27163,DOM FELICIANO
ZÉ NUNES,11,ESCOLA MUNICIPAL SANTA TERESINHA,DEPUTADO ESTADUAL,PT,012,0020,-30.73588,-52.27163,DOM FELICIANO
MAINARDI,14,ESCOLA MUNICIPAL SANTA TERESINHA,DEPUTADO ESTADUAL,PT,012,0020,-30.73588,-52.27163,DOM FELICIANO
NELSINHO METALÚRGICO,3,ESCOLA MUNICIPAL SANTA TERESINHA,DEPUTADO ESTADUAL,PT,012,0020,-30.73588,-52.27163,DOM FELICIANO
EDEGAR PRETTO,1,ESCOLA MUNICIPAL SANTA TERESINHA,DEPUTADO ESTADUAL,PT,012,0020,-30.73588,-52.27163,DOM FELICIANO
MARCELO MORAES,65,ESCOLA MUNICIPAL SANTA TERESINHA,DEPUTADO ESTADUAL,PTB,012,0020,-30.73588,-52.27163,DOM FELICIANO
TAMI FURTADO,7,ESCOLA MUNICIPAL SANTA TERESINHA,DEPUTADO ESTADUAL,PTB,012,0020,-30.73588,-52.27163,DOM FELICIANO
JURANDIR MACIEL,8,ESCOLA MUNICIPAL SANTA TERESINHA,DEPUTADO ESTADUAL,PTB,012,0020,-30.73588,-52.27163,DOM FELICIANO
SPEROTTO,1,ESCOLA MUNICIPAL SANTA TERESINHA,DEPUTADO ESTADUAL,PTB,012,0020,-30.73588,-52.27163,DOM FELICIANO
EDSON BRUM,4,ESCOLA MUNICIPAL SANTA TERESINHA,DEPUTADO ESTADUAL,PMDB,012,0020,-30.73588,-52.27163,DOM FELICIANO
FÁBIO BRANCO,2,ESCOLA MUNICIPAL SANTA TERESINHA,DEPUTADO ESTADUAL,PMDB,012,0020,-30.73588,-52.27163,DOM FELICIANO
TARCISO FLECHA NEGRA,1,ESCOLA MUNICIPAL SANTA TERESINHA,DEPUTADO ESTADUAL,PSD,012,0020,-30.73588,-52.27163,DOM FELICIANO
NULO,3,ESCOLA MUNICIPAL SANTA TERESINHA,DEPUTADO ESTADUAL,#NULO#,012,0020,-30.73588,-52.27163,DOM FELICIANO
PP,5,ESCOLA MUNICIPAL SANTA TERESINHA,DEPUTADO ESTADUAL,PP,012,0020,-30.73588,-52.27163,DOM FELICIANO
PDT,1,ESCOLA MUNICIPAL SANTA TERESINHA,DEPUTADO ESTADUAL,PDT,012,0020,-30.73588,-52.27163,DOM FELICIANO
PT,2,ESCOLA MUNICIPAL SANTA TERESINHA,DEPUTADO ESTADUAL,PT,012,0020,-30.73588,-52.27163,DOM FELICIANO
PTB,7,ESCOLA MUNICIPAL SANTA TERESINHA,DEPUTADO ESTADUAL,PTB,012,0020,-30.73588,-52.27163,DOM FELICIANO
PMDB,1,ESCOLA MUNICIPAL SANTA TERESINHA,DEPUTADO ESTADUAL,PMDB,012,0020,-30.73588,-52.27163,DOM FELICIANO
PV,1,ESCOLA MUNICIPAL SANTA TERESINHA,DEPUTADO ESTADUAL,PV,012,0020,-30.73588,-52.27163,DOM FELICIANO
PSDB,8,ESCOLA MUNICIPAL SANTA TERESINHA,DEPUTADO ESTADUAL,PSDB,012,0020,-30.73588,-52.27163,DOM FELICIANO
PSD,1,ESCOLA MUNICIPAL SANTA TERESINHA,DEPUTADO ESTADUAL,PSD,012,0020,-30.73588,-52.27163,DOM FELICIANO
PAULO ODONE,1,ESCOLA MUNICIPAL SANTA TERESINHA,DEPUTADO ESTADUAL,PPS,012,0020,-30.73588,-52.27163,DOM FELICIANO
DILMA,162,ESCOLA CATULINO PEREIRA DA ROSA,PRESIDENTE,PT,012,0074,-30.70802,-52.10865,DOM FELICIANO
PASTOR EVERALDO,1,ESCOLA CATULINO PEREIRA DA ROSA,PRESIDENTE,PSC,012,0074,-30.70802,-52.10865,DOM FELICIANO
LEVY FIDELIX,2,ESCOLA CATULINO PEREIRA DA ROSA,PRESIDENTE,PRTB,012,0074,-30.70802,-52.10865,DOM FELICIANO
MARINA SILVA,21,ESCOLA CATULINO PEREIRA DA ROSA,PRESIDENTE,PSB,012,0074,-30.70802,-52.10865,DOM FELICIANO
AÉCIO NEVES,110,ESCOLA CATULINO PEREIRA DA ROSA,PRESIDENTE,PSDB,012,0074,-30.70802,-52.10865,DOM FELICIANO
BRANCO,10,ESCOLA CATULINO PEREIRA DA ROSA,PRESIDENTE,#NULO#,012,0074,-30.70802,-52.10865,DOM FELICIANO
NULO,11,ESCOLA CATULINO PEREIRA DA ROSA,PRESIDENTE,#NULO#,012,0074,-30.70802,-52.10865,DOM FELICIANO
NULO,15,ESCOLA CATULINO PEREIRA DA ROSA,GOVERNADOR,#NULO#,012,0074,-30.70802,-52.10865,DOM FELICIANO
ANA AMELIA LEMOS,66,ESCOLA CATULINO PEREIRA DA ROSA,GOVERNADOR,PP,012,0074,-30.70802,-52.10865,DOM FELICIANO
VIEIRA DA CUNHA,1,ESCOLA CATULINO PEREIRA DA ROSA,GOVERNADOR,PDT,012,0074,-30.70802,-52.10865,DOM FELICIANO
TARSO GENRO,136,ESCOLA CATULINO PEREIRA DA ROSA,GOVERNADOR,PT,012,0074,-30.70802,-52.10865,DOM FELICIANO
JOSÉ IVO SARTORI,77,ESCOLA CATULINO PEREIRA DA ROSA,GOVERNADOR,PMDB,012,0074,-30.70802,-52.10865,DOM FELICIANO
ESTIVALETE,1,ESCOLA CATULINO PEREIRA DA ROSA,GOVERNADOR,PRTB,012,0074,-30.70802,-52.10865,DOM FELICIANO
ROBERTO ROBAINA,1,ESCOLA CATULINO PEREIRA DA ROSA,GOVERNADOR,PSOL,012,0074,-30.70802,-52.10865,DOM FELICIANO
BRANCO,20,ESCOLA CATULINO PEREIRA DA ROSA,GOVERNADOR,#NULO#,012,0074,-30.70802,-52.10865,DOM FELICIANO
BRANCO,31,ESCOLA CATULINO PEREIRA DA ROSA,SENADOR,#NULO#,012,0074,-30.70802,-52.10865,DOM FELICIANO
NULO,23,ESCOLA CATULINO PEREIRA DA ROSA,SENADOR,#NULO#,012,0074,-30.70802,-52.10865,DOM FELICIANO
SIMONE LEITE,20,ESCOLA CATULINO PEREIRA DA ROSA,SENADOR,PP,012,0074,-30.70802,-52.10865,DOM FELICIANO
LASIER MARTINS,64,ESCOLA CATULINO PEREIRA DA ROSA,SENADOR,PDT,012,0074,-30.70802,-52.10865,DOM FELICIANO
OLÍVIO DUTRA,133,ESCOLA CATULINO PEREIRA DA ROSA,SENADOR,PT,012,0074,-30.70802,-52.10865,DOM FELICIANO
SIMON,45,ESCOLA CATULINO PEREIRA DA ROSA,SENADOR,PMDB,012,0074,-30.70802,-52.10865,DOM FELICIANO
CIRO MACHADO,1,ESCOLA CATULINO PEREIRA DA ROSA,SENADOR,PMN,012,0074,-30.70802,-52.10865,DOM FELICIANO
PT,6,ESCOLA CATULINO PEREIRA DA ROSA,DEPUTADO FEDERAL,PT,012,0074,-30.70802,-52.10865,DOM FELICIANO
PTB,2,ESCOLA CATULINO PEREIRA DA ROSA,DEPUTADO FEDERAL,PTB,012,0074,-30.70802,-52.10865,DOM FELICIANO
PMDB,4,ESCOLA CATULINO PEREIRA DA ROSA,DEPUTADO FEDERAL,PMDB,012,0074,-30.70802,-52.10865,DOM FELICIANO
PSL,1,ESCOLA CATULINO PEREIRA DA ROSA,DEPUTADO FEDERAL,PSL,012,0074,-30.70802,-52.10865,DOM FELICIANO
PSC,1,ESCOLA CATULINO PEREIRA DA ROSA,DEPUTADO FEDERAL,PSC,012,0074,-30.70802,-52.10865,DOM FELICIANO
BRANCO,27,ESCOLA CATULINO PEREIRA DA ROSA,DEPUTADO FEDERAL,#NULO#,012,0074,-30.70802,-52.10865,DOM FELICIANO
NULO,7,ESCOLA CATULINO PEREIRA DA ROSA,DEPUTADO FEDERAL,#NULO#,012,0074,-30.70802,-52.10865,DOM FELICIANO
CARLOS GOMES,2,ESCOLA CATULINO PEREIRA DA ROSA,DEPUTADO FEDERAL,PRB,012,0074,-30.70802,-52.10865,DOM FELICIANO
MANO CHANGES,2,ESCOLA CATULINO PEREIRA DA ROSA,DEPUTADO FEDERAL,PP,012,0074,-30.70802,-52.10865,DOM FELICIANO
JERÔNIMO GOERGEN,1,ESCOLA CATULINO PEREIRA DA ROSA,DEPUTADO FEDERAL,PP,012,0074,-30.70802,-52.10865,DOM FELICIANO
CLAUDIO DIAZ,1,ESCOLA CATULINO PEREIRA DA ROSA,DEPUTADO FEDERAL,PP,012,0074,-30.70802,-52.10865,DOM FELICIANO
EDMAR HERMANY,1,ESCOLA CATULINO PEREIRA DA ROSA,DEPUTADO FEDERAL,PP,012,0074,-30.70802,-52.10865,DOM FELICIANO
POMPEO DE MATTOS,1,ESCOLA CATULINO PEREIRA DA ROSA,DEPUTADO FEDERAL,PDT,012,0074,-30.70802,-52.10865,DOM FELICIANO
GIOVANI  CHERINI,1,ESCOLA CATULINO PEREIRA DA ROSA,DEPUTADO FEDERAL,PDT,012,0074,-30.70802,-52.10865,DOM FELICIANO
JULIANO MACIEL,1,ESCOLA CATULINO PEREIRA DA ROSA,DEPUTADO FEDERAL,PDT,012,0074,-30.70802,-52.10865,DOM FELICIANO
HENRIQUE FONTANA,46,ESCOLA CATULINO PEREIRA DA ROSA,DEPUTADO FEDERAL,PT,012,0074,-30.70802,-52.10865,DOM FELICIANO
MARCO MAIA,17,ESCOLA CATULINO PEREIRA DA ROSA,DEPUTADO FEDERAL,PT,012,0074,-30.70802,-52.10865,DOM FELICIANO
BOHN GASS,1,ESCOLA CATULINO PEREIRA DA ROSA,DEPUTADO FEDERAL,PT,012,0074,-30.70802,-52.10865,DOM FELICIANO
IVAR PAVAN,4,ESCOLA CATULINO PEREIRA DA ROSA,DEPUTADO FEDERAL,PT,012,0074,-30.70802,-52.10865,DOM FELICIANO
MARCON,18,ESCOLA CATULINO PEREIRA DA ROSA,DEPUTADO FEDERAL,PT,012,0074,-30.70802,-52.10865,DOM FELICIANO
ELTON PRIMOROSA,1,ESCOLA CATULINO PEREIRA DA ROSA,DEPUTADO FEDERAL,PTB,012,0074,-30.70802,-52.10865,DOM FELICIANO
SÉRGIO MORAES,54,ESCOLA CATULINO PEREIRA DA ROSA,DEPUTADO FEDERAL,PTB,012,0074,-30.70802,-52.10865,DOM FELICIANO
BUSATO,6,ESCOLA CATULINO PEREIRA DA ROSA,DEPUTADO FEDERAL,PTB,012,0074,-30.70802,-52.10865,DOM FELICIANO
PASTOR AIRTON LIMA,2,ESCOLA CATULINO PEREIRA DA ROSA,DEPUTADO FEDERAL,PTB,012,0074,-30.70802,-52.10865,DOM FELICIANO
PP,1,ESCOLA CATULINO PEREIRA DA ROSA,DEPUTADO FEDERAL,PP,012,0074,-30.70802,-52.10865,DOM FELICIANO
PDT,1,ESCOLA CATULINO PEREIRA DA ROSA,DEPUTADO FEDERAL,PDT,012,0074,-30.70802,-52.10865,DOM FELICIANO
RONALDO NOGUEIRA,4,ESCOLA CATULINO PEREIRA DA ROSA,DEPUTADO FEDERAL,PTB,012,0074,-30.70802,-52.10865,DOM FELICIANO
GIOVANI MORALLES,1,ESCOLA CATULINO PEREIRA DA ROSA,DEPUTADO FEDERAL,PTB,012,0074,-30.70802,-52.10865,DOM FELICIANO
ALCEU MOREIRA,2,ESCOLA CATULINO PEREIRA DA ROSA,DEPUTADO FEDERAL,PMDB,012,0074,-30.70802,-52.10865,DOM FELICIANO
GIOVANI FELTES,12,ESCOLA CATULINO PEREIRA DA ROSA,DEPUTADO FEDERAL,PMDB,012,0074,-30.70802,-52.10865,DOM FELICIANO
MÁRCIO BIOLCHI,1,ESCOLA CATULINO PEREIRA DA ROSA,DEPUTADO FEDERAL,PMDB,012,0074,-30.70802,-52.10865,DOM FELICIANO
IRAJÁ ANDARA RODRIGUES,1,ESCOLA CATULINO PEREIRA DA ROSA,DEPUTADO FEDERAL,PMDB,012,0074,-30.70802,-52.10865,DOM FELICIANO
JULIO CESAR,1,ESCOLA CATULINO PEREIRA DA ROSA,DEPUTADO FEDERAL,PMDB,012,0074,-30.70802,-52.10865,DOM FELICIANO
CAJAR NARDES,6,ESCOLA CATULINO PEREIRA DA ROSA,DEPUTADO FEDERAL,PR,012,0074,-30.70802,-52.10865,DOM FELICIANO
MAURO LOCATELLI,1,ESCOLA CATULINO PEREIRA DA ROSA,DEPUTADO FEDERAL,PSB,012,0074,-30.70802,-52.10865,DOM FELICIANO
BETO GRILL,32,ESCOLA CATULINO PEREIRA DA ROSA,DEPUTADO FEDERAL,PSB,012,0074,-30.70802,-52.10865,DOM FELICIANO
JOSE STEDILE,2,ESCOLA CATULINO PEREIRA DA ROSA,DEPUTADO FEDERAL,PSB,012,0074,-30.70802,-52.10865,DOM FELICIANO
MÁRCIO SOUZA,1,ESCOLA CATULINO PEREIRA DA ROSA,DEPUTADO FEDERAL,PV,012,0074,-30.70802,-52.10865,DOM FELICIANO
NELSON MARCHEZAN JUNIOR,35,ESCOLA CATULINO PEREIRA DA ROSA,DEPUTADO FEDERAL,PSDB,012,0074,-30.70802,-52.10865,DOM FELICIANO
JOÃO FERNANDO,2,ESCOLA CATULINO PEREIRA DA ROSA,DEPUTADO FEDERAL,PEN,012,0074,-30.70802,-52.10865,DOM FELICIANO
DANRLEI DE DEUS GOLEIRO,6,ESCOLA CATULINO PEREIRA DA ROSA,DEPUTADO FEDERAL,PSD,012,0074,-30.70802,-52.10865,DOM FELICIANO
CLAUDIO JANTA,1,ESCOLA CATULINO PEREIRA DA ROSA,DEPUTADO FEDERAL,SD,012,0074,-30.70802,-52.10865,DOM FELICIANO
PT,6,ESCOLA CATULINO PEREIRA DA ROSA,DEPUTADO ESTADUAL,PT,012,0074,-30.70802,-52.10865,DOM FELICIANO
PTB,6,ESCOLA CATULINO PEREIRA DA ROSA,DEPUTADO ESTADUAL,PTB,012,0074,-30.70802,-52.10865,DOM FELICIANO
PMDB,1,ESCOLA CATULINO PEREIRA DA ROSA,DEPUTADO ESTADUAL,PMDB,012,0074,-30.70802,-52.10865,DOM FELICIANO
PR,1,ESCOLA CATULINO PEREIRA DA ROSA,DEPUTADO ESTADUAL,PR,012,0074,-30.70802,-52.10865,DOM FELICIANO
PPS,1,ESCOLA CATULINO PEREIRA DA ROSA,DEPUTADO ESTADUAL,PPS,012,0074,-30.70802,-52.10865,DOM FELICIANO
DEM,1,ESCOLA CATULINO PEREIRA DA ROSA,DEPUTADO ESTADUAL,DEM,012,0074,-30.70802,-52.10865,DOM FELICIANO
PSB,1,ESCOLA CATULINO PEREIRA DA ROSA,DEPUTADO ESTADUAL,PSB,012,0074,-30.70802,-52.10865,DOM FELICIANO
PRP,3,ESCOLA CATULINO PEREIRA DA ROSA,DEPUTADO ESTADUAL,PRP,012,0074,-30.70802,-52.10865,DOM FELICIANO
BRANCO,22,ESCOLA CATULINO PEREIRA DA ROSA,DEPUTADO ESTADUAL,#NULO#,012,0074,-30.70802,-52.10865,DOM FELICIANO
NULO,7,ESCOLA CATULINO PEREIRA DA ROSA,DEPUTADO ESTADUAL,#NULO#,012,0074,-30.70802,-52.10865,DOM FELICIANO
SERGIO PERES,2,ESCOLA CATULINO PEREIRA DA ROSA,DEPUTADO ESTADUAL,PRB,012,0074,-30.70802,-52.10865,DOM FELICIANO
MARCUS VINICIUS,5,ESCOLA CATULINO PEREIRA DA ROSA,DEPUTADO ESTADUAL,PP,012,0074,-30.70802,-52.10865,DOM FELICIANO
MOISES MACHADO,1,ESCOLA CATULINO PEREIRA DA ROSA,DEPUTADO ESTADUAL,PP,012,0074,-30.70802,-52.10865,DOM FELICIANO
GERSON BURMANN,2,ESCOLA CATULINO PEREIRA DA ROSA,DEPUTADO ESTADUAL,PDT,012,0074,-30.70802,-52.10865,DOM FELICIANO
GILMAR SOSSELLA,1,ESCOLA CATULINO PEREIRA DA ROSA,DEPUTADO ESTADUAL,PDT,012,0074,-30.70802,-52.10865,DOM FELICIANO
MARLON SANTOS,14,ESCOLA CATULINO PEREIRA DA ROSA,DEPUTADO ESTADUAL,PDT,012,0074,-30.70802,-52.10865,DOM FELICIANO
ANTONIO ALTAIR - NECO,2,ESCOLA CATULINO PEREIRA DA ROSA,DEPUTADO ESTADUAL,PDT,012,0074,-30.70802,-52.10865,DOM FELICIANO
ENIO BACCI,1,ESCOLA CATULINO PEREIRA DA ROSA,DEPUTADO ESTADUAL,PDT,012,0074,-30.70802,-52.10865,DOM FELICIANO
TORTELLI,7,ESCOLA CATULINO PEREIRA DA ROSA,DEPUTADO ESTADUAL,PT,012,0074,-30.70802,-52.10865,DOM FELICIANO
SOFIA CAVEDON,1,ESCOLA CATULINO PEREIRA DA ROSA,DEPUTADO ESTADUAL,PT,012,0074,-30.70802,-52.10865,DOM FELICIANO
ZÉ NUNES,43,ESCOLA CATULINO PEREIRA DA ROSA,DEPUTADO ESTADUAL,PT,012,0074,-30.70802,-52.10865,DOM FELICIANO
MAINARDI,15,ESCOLA CATULINO PEREIRA DA ROSA,DEPUTADO ESTADUAL,PT,012,0074,-30.70802,-52.10865,DOM FELICIANO
MARCELO MORAES,46,ESCOLA CATULINO PEREIRA DA ROSA,DEPUTADO ESTADUAL,PTB,012,0074,-30.70802,-52.10865,DOM FELICIANO
PASTOR CELSO MORAES,2,ESCOLA CATULINO PEREIRA DA ROSA,DEPUTADO ESTADUAL,PTB,012,0074,-30.70802,-52.10865,DOM FELICIANO
PAULO BRUM,3,ESCOLA CATULINO PEREIRA DA ROSA,DEPUTADO ESTADUAL,PTB,012,0074,-30.70802,-52.10865,DOM FELICIANO
TAMI FURTADO,3,ESCOLA CATULINO PEREIRA DA ROSA,DEPUTADO ESTADUAL,PTB,012,0074,-30.70802,-52.10865,DOM FELICIANO
JURANDIR MACIEL,4,ESCOLA CATULINO PEREIRA DA ROSA,DEPUTADO ESTADUAL,PTB,012,0074,-30.70802,-52.10865,DOM FELICIANO
PROFESSOR NATHANAEL,1,ESCOLA CATULINO PEREIRA DA ROSA,DEPUTADO ESTADUAL,PTB,012,0074,-30.70802,-52.10865,DOM FELICIANO
EDSON BRUM,12,ESCOLA CATULINO PEREIRA DA ROSA,DEPUTADO ESTADUAL,PMDB,012,0074,-30.70802,-52.10865,DOM FELICIANO
FÁBIO BRANCO,13,ESCOLA CATULINO PEREIRA DA ROSA,DEPUTADO ESTADUAL,PMDB,012,0074,-30.70802,-52.10865,DOM FELICIANO
MISSIONARIO VOLNEI,5,ESCOLA CATULINO PEREIRA DA ROSA,DEPUTADO ESTADUAL,PR,012,0074,-30.70802,-52.10865,DOM FELICIANO
MATTEO CHIARELLI,1,ESCOLA CATULINO PEREIRA DA ROSA,DEPUTADO ESTADUAL,DEM,012,0074,-30.70802,-52.10865,DOM FELICIANO
MIKI BREIER,13,ESCOLA CATULINO PEREIRA DA ROSA,DEPUTADO ESTADUAL,PSB,012,0074,-30.70802,-52.10865,DOM FELICIANO
JOÃO PEDRO GRILL,14,ESCOLA CATULINO PEREIRA DA ROSA,DEPUTADO ESTADUAL,PSB,012,0074,-30.70802,-52.10865,DOM FELICIANO
SÉRGIO STASINSKI,4,ESCOLA CATULINO PEREIRA DA ROSA,DEPUTADO ESTADUAL,PV,012,0074,-30.70802,-52.10865,DOM FELICIANO
LUCAS REDECKER,2,ESCOLA CATULINO PEREIRA DA ROSA,DEPUTADO ESTADUAL,PSDB,012,0074,-30.70802,-52.10865,DOM FELICIANO
GAÚCHO DA FRONTEIRA,1,ESCOLA CATULINO PEREIRA DA ROSA,DEPUTADO ESTADUAL,PSDB,012,0074,-30.70802,-52.10865,DOM FELICIANO
PEDRO PEREIRA,36,ESCOLA CATULINO PEREIRA DA ROSA,DEPUTADO ESTADUAL,PSDB,012,0074,-30.70802,-52.10865,DOM FELICIANO
JARDEL CENTROAVANTE,3,ESCOLA CATULINO PEREIRA DA ROSA,DEPUTADO ESTADUAL,PSD,012,0074,-30.70802,-52.10865,DOM FELICIANO
MANUELA D AVILA,1,ESCOLA CATULINO PEREIRA DA ROSA,DEPUTADO ESTADUAL,PC do B,012,0074,-30.70802,-52.10865,DOM FELICIANO
CESAR OLIVEIRA,1,ESCOLA CATULINO PEREIRA DA ROSA,DEPUTADO ESTADUAL,SD,012,0074,-30.70802,-52.10865,DOM FELICIANO
NELSINHO METALÚRGICO,7,ESCOLA CATULINO PEREIRA DA ROSA,DEPUTADO ESTADUAL,PT,012,0074,-30.70802,-52.10865,DOM FELICIANO
PDT,2,ESCOLA CATULINO PEREIRA DA ROSA,DEPUTADO ESTADUAL,PDT,012,0074,-30.70802,-52.10865,DOM FELICIANO
DILMA,59,SOCIEDADE SANTO ADALBERTO,PRESIDENTE,PT,012,0076,-30.65692,-52.03361,DOM FELICIANO
LEVY FIDELIX,2,SOCIEDADE SANTO ADALBERTO,PRESIDENTE,PRTB,012,0076,-30.65692,-52.03361,DOM FELICIANO
MARINA SILVA,11,SOCIEDADE SANTO ADALBERTO,PRESIDENTE,PSB,012,0076,-30.65692,-52.03361,DOM FELICIANO
AÉCIO NEVES,66,SOCIEDADE SANTO ADALBERTO,PRESIDENTE,PSDB,012,0076,-30.65692,-52.03361,DOM FELICIANO
BRANCO,4,SOCIEDADE SANTO ADALBERTO,PRESIDENTE,#NULO#,012,0076,-30.65692,-52.03361,DOM FELICIANO
NULO,3,SOCIEDADE SANTO ADALBERTO,PRESIDENTE,#NULO#,012,0076,-30.65692,-52.03361,DOM FELICIANO
ANA AMELIA LEMOS,39,SOCIEDADE SANTO ADALBERTO,GOVERNADOR,PP,012,0076,-30.65692,-52.03361,DOM FELICIANO
VIEIRA DA CUNHA,1,SOCIEDADE SANTO ADALBERTO,GOVERNADOR,PDT,012,0076,-30.65692,-52.03361,DOM FELICIANO
TARSO GENRO,45,SOCIEDADE SANTO ADALBERTO,GOVERNADOR,PT,012,0076,-30.65692,-52.03361,DOM FELICIANO
JOSÉ IVO SARTORI,44,SOCIEDADE SANTO ADALBERTO,GOVERNADOR,PMDB,012,0076,-30.65692,-52.03361,DOM FELICIANO
BRANCO,12,SOCIEDADE SANTO ADALBERTO,GOVERNADOR,#NULO#,012,0076,-30.65692,-52.03361,DOM FELICIANO
NULO,4,SOCIEDADE SANTO ADALBERTO,GOVERNADOR,#NULO#,012,0076,-30.65692,-52.03361,DOM FELICIANO
BRANCO,20,SOCIEDADE SANTO ADALBERTO,SENADOR,#NULO#,012,0076,-30.65692,-52.03361,DOM FELICIANO
NULO,5,SOCIEDADE SANTO ADALBERTO,SENADOR,#NULO#,012,0076,-30.65692,-52.03361,DOM FELICIANO
SIMONE LEITE,14,SOCIEDADE SANTO ADALBERTO,SENADOR,PP,012,0076,-30.65692,-52.03361,DOM FELICIANO
LASIER MARTINS,37,SOCIEDADE SANTO ADALBERTO,SENADOR,PDT,012,0076,-30.65692,-52.03361,DOM FELICIANO
OLÍVIO DUTRA,39,SOCIEDADE SANTO ADALBERTO,SENADOR,PT,012,0076,-30.65692,-52.03361,DOM FELICIANO
SIMON,30,SOCIEDADE SANTO ADALBERTO,SENADOR,PMDB,012,0076,-30.65692,-52.03361,DOM FELICIANO
BUSATO,13,SOCIEDADE SANTO ADALBERTO,DEPUTADO FEDERAL,PTB,012,0076,-30.65692,-52.03361,DOM FELICIANO
ALCEU MOREIRA,4,SOCIEDADE SANTO ADALBERTO,DEPUTADO FEDERAL,PMDB,012,0076,-30.65692,-52.03361,DOM FELICIANO
ELTON PRIMOROSA,1,SOCIEDADE SANTO ADALBERTO,DEPUTADO FEDERAL,PTB,012,0076,-30.65692,-52.03361,DOM FELICIANO
MARCON,6,SOCIEDADE SANTO ADALBERTO,DEPUTADO FEDERAL,PT,012,0076,-30.65692,-52.03361,DOM FELICIANO
FERNANDO MARRONI,1,SOCIEDADE SANTO ADALBERTO,DEPUTADO FEDERAL,PT,012,0076,-30.65692,-52.03361,DOM FELICIANO
IVAR PAVAN,2,SOCIEDADE SANTO ADALBERTO,DEPUTADO FEDERAL,PT,012,0076,-30.65692,-52.03361,DOM FELICIANO
MARCO MAIA,4,SOCIEDADE SANTO ADALBERTO,DEPUTADO FEDERAL,PT,012,0076,-30.65692,-52.03361,DOM FELICIANO
HENRIQUE FONTANA,7,SOCIEDADE SANTO ADALBERTO,DEPUTADO FEDERAL,PT,012,0076,-30.65692,-52.03361,DOM FELICIANO
POMPEO DE MATTOS,1,SOCIEDADE SANTO ADALBERTO,DEPUTADO FEDERAL,PDT,012,0076,-30.65692,-52.03361,DOM FELICIANO
AFONSO HAMM,2,SOCIEDADE SANTO ADALBERTO,DEPUTADO FEDERAL,PP,012,0076,-30.65692,-52.03361,DOM FELICIANO
JERÔNIMO GOERGEN,1,SOCIEDADE SANTO ADALBERTO,DEPUTADO FEDERAL,PP,012,0076,-30.65692,-52.03361,DOM FELICIANO
BRANCO,17,SOCIEDADE SANTO ADALBERTO,DEPUTADO FEDERAL,#NULO#,012,0076,-30.65692,-52.03361,DOM FELICIANO
PSDB,1,SOCIEDADE SANTO ADALBERTO,DEPUTADO FEDERAL,PSDB,012,0076,-30.65692,-52.03361,DOM FELICIANO
DEM,1,SOCIEDADE SANTO ADALBERTO,DEPUTADO FEDERAL,DEM,012,0076,-30.65692,-52.03361,DOM FELICIANO
PTB,1,SOCIEDADE SANTO ADALBERTO,DEPUTADO FEDERAL,PTB,012,0076,-30.65692,-52.03361,DOM FELICIANO
PT,3,SOCIEDADE SANTO ADALBERTO,DEPUTADO FEDERAL,PT,012,0076,-30.65692,-52.03361,DOM FELICIANO
DANRLEI DE DEUS GOLEIRO,2,SOCIEDADE SANTO ADALBERTO,DEPUTADO FEDERAL,PSD,012,0076,-30.65692,-52.03361,DOM FELICIANO
JOÃO DREHER,1,SOCIEDADE SANTO ADALBERTO,DEPUTADO FEDERAL,PEN,012,0076,-30.65692,-52.03361,DOM FELICIANO
NELSON MARCHEZAN JUNIOR,6,SOCIEDADE SANTO ADALBERTO,DEPUTADO FEDERAL,PSDB,012,0076,-30.65692,-52.03361,DOM FELICIANO
YEDA CRUSIUS,1,SOCIEDADE SANTO ADALBERTO,DEPUTADO FEDERAL,PSDB,012,0076,-30.65692,-52.03361,DOM FELICIANO
JOSE STEDILE,5,SOCIEDADE SANTO ADALBERTO,DEPUTADO FEDERAL,PSB,012,0076,-30.65692,-52.03361,DOM FELICIANO
BETO GRILL,15,SOCIEDADE SANTO ADALBERTO,DEPUTADO FEDERAL,PSB,012,0076,-30.65692,-52.03361,DOM FELICIANO
FURQUIM,2,SOCIEDADE SANTO ADALBERTO,DEPUTADO FEDERAL,PRTB,012,0076,-30.65692,-52.03361,DOM FELICIANO
CAJAR NARDES,1,SOCIEDADE SANTO ADALBERTO,DEPUTADO FEDERAL,PR,012,0076,-30.65692,-52.03361,DOM FELICIANO
SÉRGIO MORAES,47,SOCIEDADE SANTO ADALBERTO,DEPUTADO FEDERAL,PTB,012,0076,-30.65692,-52.03361,DOM FELICIANO
NELSINHO METALÚRGICO,1,SOCIEDADE SANTO ADALBERTO,DEPUTADO ESTADUAL,PT,012,0076,-30.65692,-52.03361,DOM FELICIANO
EDEGAR PRETTO,1,SOCIEDADE SANTO ADALBERTO,DEPUTADO ESTADUAL,PT,012,0076,-30.65692,-52.03361,DOM FELICIANO
MAICON COSTA,1,SOCIEDADE SANTO ADALBERTO,DEPUTADO ESTADUAL,PTB,012,0076,-30.65692,-52.03361,DOM FELICIANO
MARCELO MORAES,35,SOCIEDADE SANTO ADALBERTO,DEPUTADO ESTADUAL,PTB,012,0076,-30.65692,-52.03361,DOM FELICIANO
CELSO KRAMER,1,SOCIEDADE SANTO ADALBERTO,DEPUTADO ESTADUAL,PTB,012,0076,-30.65692,-52.03361,DOM FELICIANO
PAULINHO DA FARMÁCIA,7,SOCIEDADE SANTO ADALBERTO,DEPUTADO ESTADUAL,PTB,012,0076,-30.65692,-52.03361,DOM FELICIANO
TAMI FURTADO,8,SOCIEDADE SANTO ADALBERTO,DEPUTADO ESTADUAL,PTB,012,0076,-30.65692,-52.03361,DOM FELICIANO
LARA,1,SOCIEDADE SANTO ADALBERTO,DEPUTADO ESTADUAL,PTB,012,0076,-30.65692,-52.03361,DOM FELICIANO
EDSON BRUM,2,SOCIEDADE SANTO ADALBERTO,DEPUTADO ESTADUAL,PMDB,012,0076,-30.65692,-52.03361,DOM FELICIANO
MISSIONARIO VOLNEI,1,SOCIEDADE SANTO ADALBERTO,DEPUTADO ESTADUAL,PR,012,0076,-30.65692,-52.03361,DOM FELICIANO
PAULO ODONE,2,SOCIEDADE SANTO ADALBERTO,DEPUTADO ESTADUAL,PPS,012,0076,-30.65692,-52.03361,DOM FELICIANO
MIKI BREIER,16,SOCIEDADE SANTO ADALBERTO,DEPUTADO ESTADUAL,PSB,012,0076,-30.65692,-52.03361,DOM FELICIANO
JOÃO PEDRO GRILL,2,SOCIEDADE SANTO ADALBERTO,DEPUTADO ESTADUAL,PSB,012,0076,-30.65692,-52.03361,DOM FELICIANO
LUCAS REDECKER,1,SOCIEDADE SANTO ADALBERTO,DEPUTADO ESTADUAL,PSDB,012,0076,-30.65692,-52.03361,DOM FELICIANO
MAURO SARAIVA JUNIOR,1,SOCIEDADE SANTO ADALBERTO,DEPUTADO ESTADUAL,PSDB,012,0076,-30.65692,-52.03361,DOM FELICIANO
PEDRO PEREIRA,4,SOCIEDADE SANTO ADALBERTO,DEPUTADO ESTADUAL,PSDB,012,0076,-30.65692,-52.03361,DOM FELICIANO
LUIS OMAR,1,SOCIEDADE SANTO ADALBERTO,DEPUTADO ESTADUAL,PEN,012,0076,-30.65692,-52.03361,DOM FELICIANO
PP,1,SOCIEDADE SANTO ADALBERTO,DEPUTADO ESTADUAL,PP,012,0076,-30.65692,-52.03361,DOM FELICIANO
PT,1,SOCIEDADE SANTO ADALBERTO,DEPUTADO ESTADUAL,PT,012,0076,-30.65692,-52.03361,DOM FELICIANO
PTB,10,SOCIEDADE SANTO ADALBERTO,DEPUTADO ESTADUAL,PTB,012,0076,-30.65692,-52.03361,DOM FELICIANO
DEM,1,SOCIEDADE SANTO ADALBERTO,DEPUTADO ESTADUAL,DEM,012,0076,-30.65692,-52.03361,DOM FELICIANO
PSDB,2,SOCIEDADE SANTO ADALBERTO,DEPUTADO ESTADUAL,PSDB,012,0076,-30.65692,-52.03361,DOM FELICIANO
BRANCO,17,SOCIEDADE SANTO ADALBERTO,DEPUTADO ESTADUAL,#NULO#,012,0076,-30.65692,-52.03361,DOM FELICIANO
MARCUS VINICIUS,2,SOCIEDADE SANTO ADALBERTO,DEPUTADO ESTADUAL,PP,012,0076,-30.65692,-52.03361,DOM FELICIANO
RITA BORGES,3,SOCIEDADE SANTO ADALBERTO,DEPUTADO ESTADUAL,PP,012,0076,-30.65692,-52.03361,DOM FELICIANO
DR. THIAGO,1,SOCIEDADE SANTO ADALBERTO,DEPUTADO ESTADUAL,PDT,012,0076,-30.65692,-52.03361,DOM FELICIANO
GILMAR SOSSELLA,2,SOCIEDADE SANTO ADALBERTO,DEPUTADO ESTADUAL,PDT,012,0076,-30.65692,-52.03361,DOM FELICIANO
MARLON SANTOS,7,SOCIEDADE SANTO ADALBERTO,DEPUTADO ESTADUAL,PDT,012,0076,-30.65692,-52.03361,DOM FELICIANO
ANTONIO ALTAIR - NECO,1,SOCIEDADE SANTO ADALBERTO,DEPUTADO ESTADUAL,PDT,012,0076,-30.65692,-52.03361,DOM FELICIANO
TORTELLI,2,SOCIEDADE SANTO ADALBERTO,DEPUTADO ESTADUAL,PT,012,0076,-30.65692,-52.03361,DOM FELICIANO
ZÉ NUNES,6,SOCIEDADE SANTO ADALBERTO,DEPUTADO ESTADUAL,PT,012,0076,-30.65692,-52.03361,DOM FELICIANO
MAINARDI,4,SOCIEDADE SANTO ADALBERTO,DEPUTADO ESTADUAL,PT,012,0076,-30.65692,-52.03361,DOM FELICIANO
DILMA,165,ESCOLA ESTADUAL DOM FELICIANO,PRESIDENTE,PT,012,0078,-30.70167,-52.10804,DOM FELICIANO
PASTOR EVERALDO,1,ESCOLA ESTADUAL DOM FELICIANO,PRESIDENTE,PSC,012,0078,-30.70167,-52.10804,DOM FELICIANO
MARINA SILVA,21,ESCOLA ESTADUAL DOM FELICIANO,PRESIDENTE,PSB,012,0078,-30.70167,-52.10804,DOM FELICIANO
EDUARDO JORGE,1,ESCOLA ESTADUAL DOM FELICIANO,PRESIDENTE,PV,012,0078,-30.70167,-52.10804,DOM FELICIANO
AÉCIO NEVES,133,ESCOLA ESTADUAL DOM FELICIANO,PRESIDENTE,PSDB,012,0078,-30.70167,-52.10804,DOM FELICIANO
BRANCO,9,ESCOLA ESTADUAL DOM FELICIANO,PRESIDENTE,#NULO#,012,0078,-30.70167,-52.10804,DOM FELICIANO
NULO,7,ESCOLA ESTADUAL DOM FELICIANO,PRESIDENTE,#NULO#,012,0078,-30.70167,-52.10804,DOM FELICIANO
NULO,19,ESCOLA ESTADUAL DOM FELICIANO,GOVERNADOR,#NULO#,012,0078,-30.70167,-52.10804,DOM FELICIANO
BRANCO,13,ESCOLA ESTADUAL DOM FELICIANO,GOVERNADOR,#NULO#,012,0078,-30.70167,-52.10804,DOM FELICIANO
JOSÉ IVO SARTORI,83,ESCOLA ESTADUAL DOM FELICIANO,GOVERNADOR,PMDB,012,0078,-30.70167,-52.10804,DOM FELICIANO
TARSO GENRO,132,ESCOLA ESTADUAL DOM FELICIANO,GOVERNADOR,PT,012,0078,-30.70167,-52.10804,DOM FELICIANO
VIEIRA DA CUNHA,8,ESCOLA ESTADUAL DOM FELICIANO,GOVERNADOR,PDT,012,0078,-30.70167,-52.10804,DOM FELICIANO
ANA AMELIA LEMOS,82,ESCOLA ESTADUAL DOM FELICIANO,GOVERNADOR,PP,012,0078,-30.70167,-52.10804,DOM FELICIANO
BRANCO,28,ESCOLA ESTADUAL DOM FELICIANO,SENADOR,#NULO#,012,0078,-30.70167,-52.10804,DOM FELICIANO
SIMON,48,ESCOLA ESTADUAL DOM FELICIANO,SENADOR,PMDB,012,0078,-30.70167,-52.10804,DOM FELICIANO
OLÍVIO DUTRA,131,ESCOLA ESTADUAL DOM FELICIANO,SENADOR,PT,012,0078,-30.70167,-52.10804,DOM FELICIANO
LASIER MARTINS,84,ESCOLA ESTADUAL DOM FELICIANO,SENADOR,PDT,012,0078,-30.70167,-52.10804,DOM FELICIANO
SIMONE LEITE,22,ESCOLA ESTADUAL DOM FELICIANO,SENADOR,PP,012,0078,-30.70167,-52.10804,DOM FELICIANO
NULO,24,ESCOLA ESTADUAL DOM FELICIANO,SENADOR,#NULO#,012,0078,-30.70167,-52.10804,DOM FELICIANO
MÁRCIO SOUZA,2,ESCOLA ESTADUAL DOM FELICIANO,DEPUTADO FEDERAL,PV,012,0078,-30.70167,-52.10804,DOM FELICIANO
MÁRCIO BIOLCHI,2,ESCOLA ESTADUAL DOM FELICIANO,DEPUTADO FEDERAL,PMDB,012,0078,-30.70167,-52.10804,DOM FELICIANO
NELSON MARCHEZAN JUNIOR,30,ESCOLA ESTADUAL DOM FELICIANO,DEPUTADO FEDERAL,PSDB,012,0078,-30.70167,-52.10804,DOM FELICIANO
DANRLEI DE DEUS GOLEIRO,7,ESCOLA ESTADUAL DOM FELICIANO,DEPUTADO FEDERAL,PSD,012,0078,-30.70167,-52.10804,DOM FELICIANO
BIBO NUNES,1,ESCOLA ESTADUAL DOM FELICIANO,DEPUTADO FEDERAL,PSD,012,0078,-30.70167,-52.10804,DOM FELICIANO
SÉRGIO MORAES,70,ESCOLA ESTADUAL DOM FELICIANO,DEPUTADO FEDERAL,PTB,012,0078,-30.70167,-52.10804,DOM FELICIANO
BUSATO,4,ESCOLA ESTADUAL DOM FELICIANO,DEPUTADO FEDERAL,PTB,012,0078,-30.70167,-52.10804,DOM FELICIANO
PASTOR AIRTON LIMA,1,ESCOLA ESTADUAL DOM FELICIANO,DEPUTADO FEDERAL,PTB,012,0078,-30.70167,-52.10804,DOM FELICIANO
RONALDO NOGUEIRA,5,ESCOLA ESTADUAL DOM FELICIANO,DEPUTADO FEDERAL,PTB,012,0078,-30.70167,-52.10804,DOM FELICIANO
ALCEU MOREIRA,5,ESCOLA ESTADUAL DOM FELICIANO,DEPUTADO FEDERAL,PMDB,012,0078,-30.70167,-52.10804,DOM FELICIANO
GIOVANI FELTES,15,ESCOLA ESTADUAL DOM FELICIANO,DEPUTADO FEDERAL,PMDB,012,0078,-30.70167,-52.10804,DOM FELICIANO
PT,2,ESCOLA ESTADUAL DOM FELICIANO,DEPUTADO FEDERAL,PT,012,0078,-30.70167,-52.10804,DOM FELICIANO
PMDB,1,ESCOLA ESTADUAL DOM FELICIANO,DEPUTADO FEDERAL,PMDB,012,0078,-30.70167,-52.10804,DOM FELICIANO
PEN,1,ESCOLA ESTADUAL DOM FELICIANO,DEPUTADO FEDERAL,PEN,012,0078,-30.70167,-52.10804,DOM FELICIANO
BRANCO,20,ESCOLA ESTADUAL DOM FELICIANO,DEPUTADO FEDERAL,#NULO#,012,0078,-30.70167,-52.10804,DOM FELICIANO
NULO,11,ESCOLA ESTADUAL DOM FELICIANO,DEPUTADO FEDERAL,#NULO#,012,0078,-30.70167,-52.10804,DOM FELICIANO
MANO CHANGES,3,ESCOLA ESTADUAL DOM FELICIANO,DEPUTADO FEDERAL,PP,012,0078,-30.70167,-52.10804,DOM FELICIANO
RONNIE MELLO,1,ESCOLA ESTADUAL DOM FELICIANO,DEPUTADO FEDERAL,PP,012,0078,-30.70167,-52.10804,DOM FELICIANO
JERÔNIMO GOERGEN,1,ESCOLA ESTADUAL DOM FELICIANO,DEPUTADO FEDERAL,PP,012,0078,-30.70167,-52.10804,DOM FELICIANO
CLAUDIO DIAZ,1,ESCOLA ESTADUAL DOM FELICIANO,DEPUTADO FEDERAL,PP,012,0078,-30.70167,-52.10804,DOM FELICIANO
AFONSO HAMM,6,ESCOLA ESTADUAL DOM FELICIANO,DEPUTADO FEDERAL,PP,012,0078,-30.70167,-52.10804,DOM FELICIANO
AFONSO MOTTA,1,ESCOLA ESTADUAL DOM FELICIANO,DEPUTADO FEDERAL,PDT,012,0078,-30.70167,-52.10804,DOM FELICIANO
POMPEO DE MATTOS,3,ESCOLA ESTADUAL DOM FELICIANO,DEPUTADO FEDERAL,PDT,012,0078,-30.70167,-52.10804,DOM FELICIANO
HENRIQUE FONTANA,55,ESCOLA ESTADUAL DOM FELICIANO,DEPUTADO FEDERAL,PT,012,0078,-30.70167,-52.10804,DOM FELICIANO
MARCO MAIA,11,ESCOLA ESTADUAL DOM FELICIANO,DEPUTADO FEDERAL,PT,012,0078,-30.70167,-52.10804,DOM FELICIANO
IVAR PAVAN,5,ESCOLA ESTADUAL DOM FELICIANO,DEPUTADO FEDERAL,PT,012,0078,-30.70167,-52.10804,DOM FELICIANO
MARCON,23,ESCOLA ESTADUAL DOM FELICIANO,DEPUTADO FEDERAL,PT,012,0078,-30.70167,-52.10804,DOM FELICIANO
ELTON PRIMOROSA,2,ESCOLA ESTADUAL DOM FELICIANO,DEPUTADO FEDERAL,PTB,012,0078,-30.70167,-52.10804,DOM FELICIANO
BETO GRILL,34,ESCOLA ESTADUAL DOM FELICIANO,DEPUTADO FEDERAL,PSB,012,0078,-30.70167,-52.10804,DOM FELICIANO
MAURO LOCATELLI,1,ESCOLA ESTADUAL DOM FELICIANO,DEPUTADO FEDERAL,PSB,012,0078,-30.70167,-52.10804,DOM FELICIANO
HEITOR SCHUCH,1,ESCOLA ESTADUAL DOM FELICIANO,DEPUTADO FEDERAL,PSB,012,0078,-30.70167,-52.10804,DOM FELICIANO
ONYX LORENZONI,1,ESCOLA ESTADUAL DOM FELICIANO,DEPUTADO FEDERAL,DEM,012,0078,-30.70167,-52.10804,DOM FELICIANO
CAJAR NARDES,5,ESCOLA ESTADUAL DOM FELICIANO,DEPUTADO FEDERAL,PR,012,0078,-30.70167,-52.10804,DOM FELICIANO
YEDA CRUSIUS,6,ESCOLA ESTADUAL DOM FELICIANO,DEPUTADO FEDERAL,PSDB,012,0078,-30.70167,-52.10804,DOM FELICIANO
VANDERLAN VASCONSELOS,1,ESCOLA ESTADUAL DOM FELICIANO,DEPUTADO ESTADUAL,PSB,012,0078,-30.70167,-52.10804,DOM FELICIANO
MIKI BREIER,14,ESCOLA ESTADUAL DOM FELICIANO,DEPUTADO ESTADUAL,PSB,012,0078,-30.70167,-52.10804,DOM FELICIANO
JOÃO PEDRO GRILL,18,ESCOLA ESTADUAL DOM FELICIANO,DEPUTADO ESTADUAL,PSB,012,0078,-30.70167,-52.10804,DOM FELICIANO
SÉRGIO STASINSKI,1,ESCOLA ESTADUAL DOM FELICIANO,DEPUTADO ESTADUAL,PV,012,0078,-30.70167,-52.10804,DOM FELICIANO
LUCAS REDECKER,1,ESCOLA ESTADUAL DOM FELICIANO,DEPUTADO ESTADUAL,PSDB,012,0078,-30.70167,-52.10804,DOM FELICIANO
PEDRO PEREIRA,33,ESCOLA ESTADUAL DOM FELICIANO,DEPUTADO ESTADUAL,PSDB,012,0078,-30.70167,-52.10804,DOM FELICIANO
JORGE POZZOBOM,1,ESCOLA ESTADUAL DOM FELICIANO,DEPUTADO ESTADUAL,PSDB,012,0078,-30.70167,-52.10804,DOM FELICIANO
JARDEL CENTROAVANTE,2,ESCOLA ESTADUAL DOM FELICIANO,DEPUTADO ESTADUAL,PSD,012,0078,-30.70167,-52.10804,DOM FELICIANO
MANUELA D AVILA,2,ESCOLA ESTADUAL DOM FELICIANO,DEPUTADO ESTADUAL,PC do B,012,0078,-30.70167,-52.10804,DOM FELICIANO
PP,4,ESCOLA ESTADUAL DOM FELICIANO,DEPUTADO ESTADUAL,PP,012,0078,-30.70167,-52.10804,DOM FELICIANO
PT,8,ESCOLA ESTADUAL DOM FELICIANO,DEPUTADO ESTADUAL,PT,012,0078,-30.70167,-52.10804,DOM FELICIANO
PTB,3,ESCOLA ESTADUAL DOM FELICIANO,DEPUTADO ESTADUAL,PTB,012,0078,-30.70167,-52.10804,DOM FELICIANO
PSB,2,ESCOLA ESTADUAL DOM FELICIANO,DEPUTADO ESTADUAL,PSB,012,0078,-30.70167,-52.10804,DOM FELICIANO
PV,1,ESCOLA ESTADUAL DOM FELICIANO,DEPUTADO ESTADUAL,PV,012,0078,-30.70167,-52.10804,DOM FELICIANO
PSDB,1,ESCOLA ESTADUAL DOM FELICIANO,DEPUTADO ESTADUAL,PSDB,012,0078,-30.70167,-52.10804,DOM FELICIANO
LUIZ MARENCO,1,ESCOLA ESTADUAL DOM FELICIANO,DEPUTADO ESTADUAL,PR,012,0078,-30.70167,-52.10804,DOM FELICIANO
NULO,8,ESCOLA ESTADUAL DOM FELICIANO,DEPUTADO ESTADUAL,#NULO#,012,0078,-30.70167,-52.10804,DOM FELICIANO
GERSON BORBA - CHICO,1,ESCOLA ESTADUAL DOM FELICIANO,DEPUTADO ESTADUAL,PP,012,0078,-30.70167,-52.10804,DOM FELICIANO
MARCUS VINICIUS,14,ESCOLA ESTADUAL DOM FELICIANO,DEPUTADO ESTADUAL,PP,012,0078,-30.70167,-52.10804,DOM FELICIANO
MOISES MACHADO,1,ESCOLA ESTADUAL DOM FELICIANO,DEPUTADO ESTADUAL,PP,012,0078,-30.70167,-52.10804,DOM FELICIANO
DR. THIAGO,1,ESCOLA ESTADUAL DOM FELICIANO,DEPUTADO ESTADUAL,PDT,012,0078,-30.70167,-52.10804,DOM FELICIANO
MAURO ZACHER,1,ESCOLA ESTADUAL DOM FELICIANO,DEPUTADO ESTADUAL,PDT,012,0078,-30.70167,-52.10804,DOM FELICIANO
GERSON BURMANN,3,ESCOLA ESTADUAL DOM FELICIANO,DEPUTADO ESTADUAL,PDT,012,0078,-30.70167,-52.10804,DOM FELICIANO
GILMAR SOSSELLA,2,ESCOLA ESTADUAL DOM FELICIANO,DEPUTADO ESTADUAL,PDT,012,0078,-30.70167,-52.10804,DOM FELICIANO
MARLON SANTOS,16,ESCOLA ESTADUAL DOM FELICIANO,DEPUTADO ESTADUAL,PDT,012,0078,-30.70167,-52.10804,DOM FELICIANO
ANTONIO ALTAIR - NECO,2,ESCOLA ESTADUAL DOM FELICIANO,DEPUTADO ESTADUAL,PDT,012,0078,-30.70167,-52.10804,DOM FELICIANO
TORTELLI,4,ESCOLA ESTADUAL DOM FELICIANO,DEPUTADO ESTADUAL,PT,012,0078,-30.70167,-52.10804,DOM FELICIANO
ZÉ NUNES,44,ESCOLA ESTADUAL DOM FELICIANO,DEPUTADO ESTADUAL,PT,012,0078,-30.70167,-52.10804,DOM FELICIANO
MAINARDI,19,ESCOLA ESTADUAL DOM FELICIANO,DEPUTADO ESTADUAL,PT,012,0078,-30.70167,-52.10804,DOM FELICIANO
DENIS REMI,1,ESCOLA ESTADUAL DOM FELICIANO,DEPUTADO ESTADUAL,PT,012,0078,-30.70167,-52.10804,DOM FELICIANO
NELSINHO METALÚRGICO,7,ESCOLA ESTADUAL DOM FELICIANO,DEPUTADO ESTADUAL,PT,012,0078,-30.70167,-52.10804,DOM FELICIANO
EDEGAR PRETTO,1,ESCOLA ESTADUAL DOM FELICIANO,DEPUTADO ESTADUAL,PT,012,0078,-30.70167,-52.10804,DOM FELICIANO
EBERSON FERNANDES,1,ESCOLA ESTADUAL DOM FELICIANO,DEPUTADO ESTADUAL,PT,012,0078,-30.70167,-52.10804,DOM FELICIANO
CLÁUDIO BARROS,1,ESCOLA ESTADUAL DOM FELICIANO,DEPUTADO ESTADUAL,PTB,012,0078,-30.70167,-52.10804,DOM FELICIANO
MARCELO MORAES,59,ESCOLA ESTADUAL DOM FELICIANO,DEPUTADO ESTADUAL,PTB,012,0078,-30.70167,-52.10804,DOM FELICIANO
PASTOR CELSO MORAES,1,ESCOLA ESTADUAL DOM FELICIANO,DEPUTADO ESTADUAL,PTB,012,0078,-30.70167,-52.10804,DOM FELICIANO
TAMI FURTADO,5,ESCOLA ESTADUAL DOM FELICIANO,DEPUTADO ESTADUAL,PTB,012,0078,-30.70167,-52.10804,DOM FELICIANO
JURANDIR MACIEL,3,ESCOLA ESTADUAL DOM FELICIANO,DEPUTADO ESTADUAL,PTB,012,0078,-30.70167,-52.10804,DOM FELICIANO
SPEROTTO,2,ESCOLA ESTADUAL DOM FELICIANO,DEPUTADO ESTADUAL,PTB,012,0078,-30.70167,-52.10804,DOM FELICIANO
BETO PIRES,1,ESCOLA ESTADUAL DOM FELICIANO,DEPUTADO ESTADUAL,PMDB,012,0078,-30.70167,-52.10804,DOM FELICIANO
EDSON BRUM,8,ESCOLA ESTADUAL DOM FELICIANO,DEPUTADO ESTADUAL,PMDB,012,0078,-30.70167,-52.10804,DOM FELICIANO
FÁBIO BRANCO,10,ESCOLA ESTADUAL DOM FELICIANO,DEPUTADO ESTADUAL,PMDB,012,0078,-30.70167,-52.10804,DOM FELICIANO
JOAO MANOEL SENNA FIALHO,1,ESCOLA ESTADUAL DOM FELICIANO,DEPUTADO ESTADUAL,PCB,012,0078,-30.70167,-52.10804,DOM FELICIANO
CATARINA PALADINI,1,ESCOLA ESTADUAL DOM FELICIANO,DEPUTADO ESTADUAL,PSB,012,0078,-30.70167,-52.10804,DOM FELICIANO
CARLOS FONSECA,1,ESCOLA ESTADUAL DOM FELICIANO,DEPUTADO ESTADUAL,PSB,012,0078,-30.70167,-52.10804,DOM FELICIANO
ROQUE DICK,1,ESCOLA ESTADUAL DOM FELICIANO,DEPUTADO ESTADUAL,DEM,012,0078,-30.70167,-52.10804,DOM FELICIANO
MATTEO CHIARELLI,1,ESCOLA ESTADUAL DOM FELICIANO,DEPUTADO ESTADUAL,DEM,012,0078,-30.70167,-52.10804,DOM FELICIANO
PAULO ODONE,1,ESCOLA ESTADUAL DOM FELICIANO,DEPUTADO ESTADUAL,PPS,012,0078,-30.70167,-52.10804,DOM FELICIANO
MISSIONARIO VOLNEI,4,ESCOLA ESTADUAL DOM FELICIANO,DEPUTADO ESTADUAL,PR,012,0078,-30.70167,-52.10804,DOM FELICIANO
BRANCO,18,ESCOLA ESTADUAL DOM FELICIANO,DEPUTADO ESTADUAL,#NULO#,012,0078,-30.70167,-52.10804,DOM FELICIANO
